Standort,Bestand,Plot,Baumart,BHD,Hoehe
La Fusta,1,1,np,79,14.5
La Fusta,1,1,np,40,
La Fusta,1,1,np,44,
La Fusta,1,1,np,52,
La Fusta,1,1,np,37,
La Fusta,1,1,np,38,11.5
La Fusta,1,1,np,65,
La Fusta,1,1,np,20,9.5
La Fusta,1,1,np,69,
La Fusta,1,1,np,23,
La Fusta,1,2,aa,142,27
La Fusta,1,2,np,24,24
La Fusta,1,3,aa,155,27
La Fusta,1,3,np,48,13
La Fusta,1,3,np,54,16.5
La Fusta,1,4,aa,38,
La Fusta,1,4,np,96,20
La Fusta,1,4,np,78,
La Fusta,1,4,np,61,
La Fusta,1,4,np,32,9
La Fusta,1,4,np,53,15
La Fusta,1,5,np,52,21
La Fusta,1,5,np,39,17.5
La Fusta,1,6,np,65,16.5
La Fusta,1,7,aa,170,23
La Fusta,1,7,aa,86,19
La Fusta,1,7,aa,108,
La Fusta,1,7,np,54,15
La Fusta,1,7,np,66,
La Fusta,1,8,aa,171,23
La Fusta,1,9,aa,83,17
La Fusta,1,9,np,36,
La Fusta,1,9,np,40,12
La Fusta,1,9,np,59,
La Fusta,1,9,np,33,16.5
La Fusta,1,10,aa,46,12
La Fusta,1,10,np,60,
La Fusta,1,10,np,68,15
La Fusta,1,10,np,19,
La Fusta,1,10,np,20,
La Fusta,1,11,aa,26,
La Fusta,1,11,aa,124,
La Fusta,1,11,aa,135,
La Fusta,1,11,aa,158,25.5
La Fusta,1,11,np,23,11
La Fusta,1,11,np,104,
La Fusta,1,11,np,44,
La Fusta,1,11,np,55,17.5
La Fusta,1,12,aa,155,29
La Fusta,1,12,np,101,
La Fusta,1,12,np,39,15
La Fusta,1,12,np,49,19
La Fusta,1,13,np,105,19
La Fusta,1,13,np,46,
La Fusta,1,13,np,48,
La Fusta,1,13,np,31,14.5
La Fusta,1,13,np,37,15
La Fusta,1,13,np,35,
La Fusta,1,14,aa,37,10
La Fusta,1,14,np,37,17
La Fusta,1,14,np,68,19
La Fusta,1,15,aa,34,9.5
La Fusta,1,15,aa,140,25
La Fusta,1,15,np,47,
La Fusta,1,15,np,71,
La Fusta,1,15,np,57,16
La Fusta,1,16,np,69,18
La Fusta,1,16,np,35,13.5
La Fusta,1,16,np,56,
La Fusta,1,16,np,22,13
La Fusta,1,17,aa,172,27
La Fusta,1,17,aa,93,21
La Fusta,1,18,aa,144,26
La Fusta,1,18,aa,111,
La Fusta,1,18,aa,138,
La Fusta,1,18,np,38,16.5
La Fusta,1,18,np,68,16.5
La Fusta,1,18,np,45,
La Fusta,1,19,aa,115,28
La Fusta,1,19,aa,126,26
La Fusta,1,19,np,70,19
La Fusta,1,19,np,98,15
La Fusta,1,20,aa,71,20
La Fusta,1,20,np,57,17
La Fusta,1,20,np,15,15
La Fusta,1,21,aa,121,29
La Fusta,1,21,aa,103,24
La Fusta,1,21,aa,140,25
La Fusta,1,21,np,42,17.5
La Fusta,1,21,np,113,19
La Fusta,1,21,np,92,14
La Fusta,1,22,aa,100,25
La Fusta,1,23,aa,170,30
La Fusta,1,23,aa,121,33
La Fusta,1,23,aa,237,
La Fusta,1,23,np,34,16
La Fusta,1,23,np,37,
La Fusta,1,23,np,43,
La Fusta,1,23,np,76,24
La Fusta,1,23,np,77,
La Fusta,1,23,np,84,
La Fusta,1,23,np,92,21
La Fusta,1,24,np,67,19.5
La Fusta,1,24,np,56,21
La Fusta,1,25,aa,123,24
La Fusta,1,25,aa,85,16
La Fusta,1,25,np,42,15
La Fusta,1,25,np,80,15
La Fusta,1,25,np,89,18
La Fusta,1,26,aa,106,33
La Fusta,1,26,np,48,
La Fusta,1,26,np,76,26
La Fusta,1,26,np,50,18.5
La Fusta,1,26,np,59,24
La Fusta,1,26,np,88,19
La Fusta,1,26,np,54,
La Fusta,1,27,aa,110,29
La Fusta,1,27,np,66,22
La Fusta,1,27,np,43,
La Fusta,1,27,np,48,16
La Fusta,1,27,np,24,8
La Fusta,1,27,np,71,
La Fusta,1,28,aa,110,29
La Fusta,1,28,aa,95,27
La Fusta,1,28,aa,171,35
La Fusta,1,28,aa,105,29
La Fusta,1,28,np,32,8
La Fusta,1,28,np,22,7
La Fusta,1,28,np,56,17
La Fusta,1,29,aa,143,27
La Fusta,1,29,aa,160,29
La Fusta,1,29,aa,97,25
La Fusta,1,29,aa,171,35
La Fusta,1,29,np,39,10
La Fusta,1,30,aa,41,16
La Fusta,1,30,aa,132,32
La Fusta,1,30,np,48,15
La Fusta,1,30,np,41,13
La Fusta,1,30,np,65,
La Fusta,1,30,np,71,
La Fusta,1,30,np,38,
La Fusta,1,30,np,83,25
La Fusta,1,31,aa,100,25
La Fusta,1,31,np,49,
La Fusta,1,31,np,36,
La Fusta,1,31,np,25,19
La Fusta,1,31,np,51,22
La Fusta,1,32,np,48,18
La Fusta,1,33,np,77,11
La Fusta,1,33,np,64,
La Fusta,1,33,np,52,20
La Fusta,1,34,aa,146,24
La Fusta,1,34,np,51,22
La Fusta,1,34,np,68,20
La Fusta,1,35,aa,100,18
La Fusta,1,35,np,64,19
La Fusta,1,35,np,46,
La Fusta,1,35,np,60,
La Fusta,1,35,np,43,11
La Fusta,1,35,np,94,19
La Fusta,2,1,aa,57,13
La Fusta,2,2,aa,139,25
La Fusta,2,2,np,9,
La Fusta,2,2,np,15,
La Fusta,2,2,np,9,
La Fusta,2,2,np,7,4
La Fusta,2,2,np,99,20
La Fusta,2,3,aa,139,25
La Fusta,2,4,np,28,
La Fusta,2,4,np,33,
La Fusta,2,4,np,14,
La Fusta,2,4,np,46,
La Fusta,2,4,np,25,
La Fusta,2,4,np,17,
La Fusta,2,4,np,24,
La Fusta,2,5,aa,33,13
La Fusta,2,5,np,48,
La Fusta,2,6,aa,61,16
La Fusta,2,6,np,58,11
La Fusta,2,7,aa,61,
La Fusta,2,7,np,52,
La Fusta,2,7,np,14,
La Fusta,2,8,s/a,,
La Fusta,2,9,np,59,
La Fusta,2,9,np,57,15
La Fusta,2,10,np,54,13
La Fusta,2,11,aa,139,25
La Fusta,2,12,np,71,19.5
La Fusta,2,12,np,53,
La Fusta,2,12,np,50,
La Fusta,2,12,np,61,
La Fusta,2,13,aa,79,
La Fusta,2,13,aa,77,
La Fusta,2,13,np,30,
La Fusta,2,13,np,33,12
La Fusta,2,13,np,31,
La Fusta,2,14,np,45,12
La Fusta,2,15,aa,58,18
La Fusta,2,16,s/a,,
La Fusta,2,17,np,50,9
La Fusta,2,17,np,68,
La Fusta,2,18,s/a,,
La Fusta,2,19,aa,81,30
La Fusta,2,19,np,47,16
La Fusta,2,19,np,72,27
La Fusta,2,20,np,99,20
La Fusta,2,20,np,61,
La Fusta,2,20,np,13,
La Fusta,2,20,np,14,
La Fusta,2,20,np,19,
La Fusta,2,20,np,27,
La Fusta,2,20,np,26,
La Fusta,2,20,np,22,
La Fusta,2,20,np,25,
La Fusta,2,20,np,21,
La Fusta,2,20,np,21,10.2
La Fusta,2,21,np,65,14
La Fusta,2,22,aa,166,36
La Fusta,2,23,aa,52,13
La Fusta,2,23,aa,207,44
La Fusta,2,23,aa,166,36
La Fusta,2,24,np,31,7
La Fusta,2,24,np,32,
La Fusta,2,25,aa,207,44
La Fusta,2,26,np,69,17
La Fusta,2,27,aa,73,21
La Fusta,2,27,aa,166,36
La Fusta,2,27,aa,207,34
La Fusta,2,27,np,36,17
La Fusta,2,27,np,34,16
La Fusta,2,27,np,21,
La Fusta,2,27,np,25,
La Fusta,2,27,np,18,
La Fusta,2,27,np,19,13
La Fusta,2,28,aa,166,36
La Fusta,2,28,np,16,
La Fusta,2,28,np,24,
La Fusta,2,28,np,58,
La Fusta,2,28,np,17,
La Fusta,2,28,np,7,
La Fusta,2,28,np,28,12
La Fusta,2,28,np,7,6.5
La Fusta,2,28,np,14,
La Fusta,2,29,aa,98.7,22
La Fusta,2,29,np,22,
La Fusta,2,29,np,21,
La Fusta,2,29,np,30,
La Fusta,2,29,np,12,
La Fusta,2,29,np,38,15
La Fusta,2,29,np,29,
La Fusta,2,29,np,16,
La Fusta,2,29,np,22,
La Fusta,2,29,np,16,
La Fusta,2,29,np,23,
La Fusta,2,29,np,18,
La Fusta,2,30,np,84,10
La Fusta,2,30,np,15,7
La Fusta,2,31,s/a,,
La Fusta,2,32,s/a,,
La Fusta,2,33,aa,33,28
La Fusta,2,33,np,23,
La Fusta,2,33,np,26,17
La Fusta,2,33,np,9,
La Fusta,2,33,np,32,
La Fusta,2,33,np,22,
La Fusta,2,33,np,81,
La Fusta,2,33,np,62,
La Fusta,2,33,np,21,
La Fusta,2,33,np,12,
La Fusta,2,34,aa,207,34
La Fusta,2,35,aa,89,20
La Fusta,2,35,np,12,7.5
La Fusta,2,35,np,48,
La Fusta,2,35,np,33,
La Fusta,2,35,np,88,
La Fusta,2,35,np,18,
La Fusta,2,35,np,23,
La Fusta,2,35,np,19,
La Fusta,2,35,np,32,
La Fusta,2,36,aa,207,34
La Fusta,2,36,np,50,
La Fusta,2,36,np,55,7
La Fusta,3,1,aa,157,23
La Fusta,3,1,np,8,3
La Fusta,3,2,aa,57,8
La Fusta,3,2,aa,100,
La Fusta,3,2,aa,38,10
La Fusta,3,2,aa,163,24
La Fusta,3,2,np,13,
La Fusta,3,2,np,11,2.5
La Fusta,3,2,np,27,
La Fusta,3,2,np,19,
La Fusta,3,2,np,11,
La Fusta,3,2,np,7,
La Fusta,3,3,aa,23,9
La Fusta,3,3,aa,85,18
La Fusta,3,3,np,48,
La Fusta,3,3,np,47,15
La Fusta,3,3,np,34,
La Fusta,3,3,np,53,
La Fusta,3,4,aa,91,
La Fusta,3,4,aa,95,
La Fusta,3,4,aa,81,
La Fusta,3,4,aa,70,16
La Fusta,3,4,aa,100,23
La Fusta,3,4,np,21,
La Fusta,3,4,np,23,
La Fusta,3,4,np,25,
La Fusta,3,4,np,10,
La Fusta,3,4,np,9,3
La Fusta,3,4,np,14,8
La Fusta,3,5,aa,96,
La Fusta,3,5,aa,74,
La Fusta,3,5,aa,86,20
La Fusta,3,5,np,16,
La Fusta,3,5,np,10,
La Fusta,3,5,np,29,
La Fusta,3,5,np,28,9
La Fusta,3,5,np,25,
La Fusta,3,5,np,17,
La Fusta,3,5,np,64,
La Fusta,3,6,np,100,18
La Fusta,3,6,np,12,
La Fusta,3,6,np,18,
La Fusta,3,6,np,11,6
La Fusta,3,7,np,21,
La Fusta,3,7,np,19,
La Fusta,3,7,np,20,9
La Fusta,3,8,aa,79,18
La Fusta,3,8,np,53,
La Fusta,3,8,np,75,12
La Fusta,3,8,np,72,
La Fusta,3,8,np,15,
La Fusta,3,8,np,11,4.5
La Fusta,3,9,aa,56,12
La Fusta,3,9,np,22,10
La Fusta,3,9,np,21,
La Fusta,3,9,np,72,
La Fusta,3,10,s/a,,quilantal
La Fusta,3,11,aa,113,
La Fusta,3,11,aa,147,
La Fusta,3,11,np,44,
La Fusta,3,12,aa,146,
La Fusta,3,13,np,15,7
La Fusta,3,14,np,12,4
La Fusta,3,14,np,18,
La Fusta,3,14,np,66,16
La Fusta,3,15,np,22,8
La Fusta,3,15,np,24,
La Fusta,3,15,np,21,
La Fusta,3,16,np,34,
La Fusta,3,16,np,60,15
La Fusta,3,16,np,24,8
La Fusta,3,16,np,47,
La Fusta,3,16,np,37,
La Fusta,3,17,aa,54,13
La Fusta,3,17,aa,69,
La Fusta,3,17,np,27,
La Fusta,3,17,np,19,
La Fusta,3,17,np,18,
La Fusta,3,17,np,16,
La Fusta,3,17,np,23,
La Fusta,3,17,np,19,
La Fusta,3,17,np,18,
La Fusta,3,17,np,31,14
La Fusta,3,17,np,27,
La Fusta,3,17,np,80,
La Fusta,3,18,np,14,6
La Fusta,3,19,aa,128,20
La Fusta,3,19,np,15,
La Fusta,3,19,np,22,
La Fusta,3,19,np,7,
La Fusta,3,19,np,12,
La Fusta,3,19,np,84,
La Fusta,3,19,np,89,
La Fusta,3,19,np,18,
La Fusta,3,19,np,25,12
La Fusta,3,19,np,15,
La Fusta,3,20,aa,84,
La Fusta,3,20,aa,57,14
La Fusta,3,20,aa,128,20
La Fusta,3,20,aa,58,
La Fusta,3,20,aa,127,
La Fusta,3,20,np,16,6
La Fusta,3,20,np,17,
La Fusta,3,20,np,53,21
La Fusta,3,20,np,51,
La Fusta,3,21,aa,163,24
La Fusta,3,21,aa,92,
La Fusta,3,21,aa,69,
La Fusta,3,21,aa,75,
La Fusta,3,21,aa,128,20
La Fusta,3,21,np,59,15
La Fusta,3,22,aa,35,18
La Fusta,3,22,aa,69,
La Fusta,3,22,aa,92,
La Fusta,3,22,aa,78,
La Fusta,3,22,aa,30,8
La Fusta,3,22,aa,43,
La Fusta,3,22,aa,163,24
La Fusta,3,23,aa,81,
La Fusta,3,23,aa,70,14
La Fusta,3,23,aa,100,24
La Fusta,3,23,aa,62,17
La Fusta,3,23,aa,90,
La Fusta,3,23,aa,98,
La Fusta,3,23,aa,83,
La Fusta,3,23,aa,76,24
La Fusta,3,23,aa,100,
La Fusta,3,23,aa,164,24
La Fusta,3,24,aa,76,24
La Fusta,3,24,aa,48,
La Fusta,3,24,aa,98,
La Fusta,3,24,aa,98,
La Fusta,3,24,aa,83,
La Fusta,3,24,np,60,19
La Fusta,3,24,np,39,
La Fusta,3,24,np,34,12
La Fusta,3,24,np,53,
La Fusta,3,24,np,38,
La Fusta,3,25,aa,50,
La Fusta,3,25,aa,47,12
La Fusta,3,25,np,59,16
La Fusta,3,25,np,78,
La Fusta,3,25,np,71,
La Fusta,3,26,np,88,20
La Fusta,3,26,np,30,
La Fusta,3,26,np,59,
La Fusta,3,26,np,56,
La Fusta,3,26,np,58,
La Fusta,3,26,np,55,
La Fusta,3,26,np,33,15
La Fusta,3,27,aa,110,23
La Fusta,3,27,aa,84,
La Fusta,3,27,aa,97,
La Fusta,3,27,np,52,16
La Fusta,3,28,aa,84,14
La Fusta,3,28,aa,110,23
La Fusta,3,28,np,46,14
La Fusta,3,28,np,77,17
La Fusta,3,29,aa,110,
La Fusta,3,29,aa,164,25
La Fusta,3,29,aa,36,
La Fusta,3,29,np,28,12
La Fusta,3,29,np,59,
La Fusta,3,30,aa,110,
La Fusta,3,30,aa,164,25
La Fusta,3,30,np,26,10
La Fusta,3,30,np,65,15
La Fusta,3,30,np,17,
La Fusta,3,30,np,14,
La Fusta,3,30,np,19,
La Fusta,3,30,np,13,7
La Fusta,3,30,np,18,
La Fusta,3,31,aa,167,21
La Fusta,3,31,np,51,
La Fusta,3,31,np,17,
La Fusta,3,31,np,65,15
La Fusta,3,31,np,31,13
La Fusta,3,31,np,14,
La Fusta,3,31,np,24,
La Fusta,3,31,np,25,
La Fusta,3,32,aa,167,21
La Fusta,3,32,aa,82,21
La Fusta,3,32,np,44,
La Fusta,3,32,np,85,18
La Fusta,3,32,np,28,9
La Fusta,3,33,np,49,15.5
La Fusta,3,33,np,38,
La Fusta,3,33,np,50,
La Fusta,3,33,np,77,
La Fusta,3,33,np,54,
La Fusta,3,33,np,49,
La Fusta,3,34,np,103,
La Fusta,3,34,np,23,
La Fusta,3,34,np,39,
La Fusta,3,34,np,27,
La Fusta,3,34,np,93,17
La Fusta,3,34,np,53,14
La Fusta,3,34,np,16,6
La Fusta,3,35,aa,110,
La Fusta,3,35,aa,164,25
La Fusta,3,35,aa,71,17
La Fusta,3,35,np,64,14
La Fusta,3,35,np,65,20
La Fusta,3,35,np,51,
La Fusta,3,36,aa,110,
La Fusta,3,36,aa,164,25
La Fusta,3,36,aa,71,17
La Fusta,3,36,aa,110,23
La Fusta,4,1,aa,100,20
La Fusta,4,1,aa,110,
La Fusta,4,1,aa,160,
La Fusta,4,1,np,84,
La Fusta,4,2,np,18,
La Fusta,4,2,np,6,4
La Fusta,4,2,np,11,
La Fusta,4,2,np,20,
La Fusta,4,2,np,12,
La Fusta,4,2,np,52,14
La Fusta,4,2,np,10,
La Fusta,4,3,np,19,
La Fusta,4,3,np,77,
La Fusta,4,3,np,6.5,
La Fusta,4,3,np,76,
La Fusta,4,3,np,22,15
La Fusta,4,4,aa,20,6
La Fusta,4,4,np,71,
La Fusta,4,4,np,70,
La Fusta,4,4,np,58,
La Fusta,4,4,np,78,16
La Fusta,4,4,np,16,
La Fusta,4,4,np,15,
La Fusta,4,4,np,15,10
La Fusta,4,4,np,71,
La Fusta,4,4,np,51,
La Fusta,4,4,np,52,
La Fusta,4,5,np,63,20
La Fusta,4,5,np,36,
La Fusta,4,5,np,30,
La Fusta,4,5,np,84,
La Fusta,4,5,np,84,
La Fusta,4,5,np,16,
La Fusta,4,5,np,104,
La Fusta,4,6,np,11,
La Fusta,4,6,np,54,
La Fusta,4,6,np,29,
La Fusta,4,6,np,10,8
La Fusta,4,6,np,39,
La Fusta,4,6,np,9,
La Fusta,4,6,np,20,
La Fusta,4,6,np,20,
La Fusta,4,6,np,30,
La Fusta,4,6,np,28,
La Fusta,4,6,np,38,
La Fusta,4,6,np,44,
La Fusta,4,6,np,58,18
La Fusta,4,7,np,116,20
La Fusta,4,7,np,68,
La Fusta,4,7,np,15,
La Fusta,4,7,np,11,
La Fusta,4,7,np,28,
La Fusta,4,7,np,20,
La Fusta,4,7,np,47,
La Fusta,4,7,np,19,
La Fusta,4,7,np,12,9
La Fusta,4,7,np,59,
La Fusta,4,7,np,19,
La Fusta,4,7,np,31,
La Fusta,4,7,np,38,
La Fusta,4,8,np,67,19
La Fusta,4,8,np,117,
La Fusta,4,8,np,62,
La Fusta,4,9,aa,95,17
La Fusta,4,9,np,51,
La Fusta,4,9,np,48,
La Fusta,4,9,np,72,
La Fusta,4,9,np,73,15
La Fusta,4,9,np,12,5
La Fusta,4,10,np,60,
La Fusta,4,10,np,8,
La Fusta,4,10,np,6,
La Fusta,4,10,np,13,5
La Fusta,4,11,aa,52,8.5
La Fusta,4,11,np,12,
La Fusta,4,11,np,12,5
La Fusta,4,11,np,13,
La Fusta,4,11,np,8,
La Fusta,4,11,np,22,
La Fusta,4,12,np,10,
La Fusta,4,12,np,11,
La Fusta,4,12,np,7,
La Fusta,4,12,np,5,
La Fusta,4,12,np,11,
La Fusta,4,12,np,16,
La Fusta,4,12,np,4,
La Fusta,4,12,np,3,3
La Fusta,4,12,np,4,
La Fusta,4,12,np,19,
La Fusta,4,12,np,22,6
La Fusta,4,13,np,50,
La Fusta,4,13,np,13,5
La Fusta,4,13,np,21,
La Fusta,4,13,np,13,6
La Fusta,4,13,np,10,
La Fusta,4,13,np,10,
La Fusta,4,13,np,6,
La Fusta,4,13,np,22,
La Fusta,4,14,np,20,
La Fusta,4,14,np,16,
La Fusta,4,14,np,67,15
La Fusta,4,14,np,14,6
La Fusta,4,14,np,20,
La Fusta,4,15,np,9,
La Fusta,4,15,np,11,
La Fusta,4,15,np,20,8
La Fusta,4,15,np,23,
La Fusta,4,15,np,67,
La Fusta,4,16,np,61,18
La Fusta,4,16,np,42,9.5
La Fusta,4,17,np,61,
La Fusta,4,17,np,37,11
La Fusta,4,17,np,65,
La Fusta,4,18,np,28,
La Fusta,4,18,np,45,
La Fusta,4,19,aa,164,
La Fusta,4,19,aa,144,
La Fusta,4,19,aa,72,19
La Fusta,4,19,aa,93,
La Fusta,4,19,aa,115,
La Fusta,4,19,np,84,15
La Fusta,4,19,np,11,5
La Fusta,4,19,np,23,
La Fusta,4,20,aa,164,24
La Fusta,4,20,aa,93,28
La Fusta,4,20,np,13,
La Fusta,4,20,np,79,17
La Fusta,4,20,np,24,
La Fusta,4,20,np,21,
La Fusta,4,20,np,20,
La Fusta,4,20,np,18,
La Fusta,4,20,np,22,
La Fusta,4,20,np,7,5
La Fusta,4,21,aa,91,24
La Fusta,4,21,np,59,
La Fusta,4,21,np,53,17
La Fusta,4,21,np,105,
La Fusta,4,21,np,34,
La Fusta,4,21,np,83,
La Fusta,4,22,np,19,11
La Fusta,4,22,np,19,
La Fusta,4,22,np,23,
La Fusta,4,22,np,34,
La Fusta,4,22,np,50,
La Fusta,4,22,np,64,
La Fusta,4,22,np,58,
La Fusta,4,22,np,55,
La Fusta,4,22,np,67,
La Fusta,4,22,np,62,
La Fusta,4,22,np,57,
La Fusta,4,22,np,53,
La Fusta,4,22,np,25,
La Fusta,4,22,np,33,
La Fusta,4,22,np,22,
La Fusta,4,22,np,60,
La Fusta,4,22,np,27,
La Fusta,4,22,np,30,
La Fusta,4,22,np,31,
La Fusta,4,22,np,75,18
La Fusta,4,22,np,40,
La Fusta,4,22,np,79,
La Fusta,4,23,np,75,18
La Fusta,4,23,np,79,
La Fusta,4,23,np,127,
La Fusta,4,23,np,70,
La Fusta,4,23,np,62,
La Fusta,4,23,np,86,18
La Fusta,4,23,np,73,
La Fusta,4,23,np,60,
La Fusta,4,23,np,64,
La Fusta,4,23,np,7,
La Fusta,4,23,np,15,
La Fusta,4,24,np,50,
La Fusta,4,24,np,71,
La Fusta,4,24,np,100,16
La Fusta,4,24,np,54,
La Fusta,4,24,np,63,
La Fusta,4,24,np,102,
La Fusta,4,24,np,100,
La Fusta,4,24,np,72,
La Fusta,4,24,np,78,
La Fusta,4,24,np,37,
La Fusta,4,24,np,45,
La Fusta,4,24,np,36,
La Fusta,4,25,aa,97,
La Fusta,4,25,np,36,
La Fusta,4,25,np,76,
La Fusta,4,25,np,75,
La Fusta,4,25,np,39,
La Fusta,4,25,np,110,16
La Fusta,4,25,np,36,
La Fusta,4,25,np,49,
La Fusta,4,25,np,7,4
La Fusta,4,26,np,11,
La Fusta,4,26,np,15,
La Fusta,4,26,np,22,
La Fusta,4,26,np,17,
La Fusta,4,26,np,43,20
La Fusta,4,26,np,73,
La Fusta,4,26,np,71,
La Fusta,4,26,np,47,
La Fusta,4,26,np,57,
La Fusta,4,26,np,110,16
La Fusta,4,26,np,54,
La Fusta,4,27,np,72,18
La Fusta,4,27,np,84,
La Fusta,4,27,np,52,
La Fusta,4,27,np,66,
La Fusta,4,27,np,76,
La Fusta,4,27,np,66,
La Fusta,4,27,np,58,
La Fusta,4,27,np,55,
La Fusta,4,27,np,8,3.5
La Fusta,4,28,np,14,
La Fusta,4,28,np,21,
La Fusta,4,28,np,12,
La Fusta,4,28,np,19,
La Fusta,4,28,np,36,
La Fusta,4,28,np,32,
La Fusta,4,28,np,62,
La Fusta,4,28,np,56,
La Fusta,4,28,np,13.5,7
La Fusta,4,28,np,91,
La Fusta,4,28,np,72,18
La Fusta,4,28,np,95,30
La Fusta,4,29,aa,76,
La Fusta,4,29,aa,23,4.5
La Fusta,4,29,aa,105,28
La Fusta,4,29,aa,85,25
La Fusta,4,29,np,8,
La Fusta,4,29,np,10,4
La Fusta,4,29,np,7,
La Fusta,4,30,np,15,
La Fusta,4,30,np,10,
La Fusta,4,30,np,29,
La Fusta,4,30,np,22,
La Fusta,4,30,np,29,
La Fusta,4,30,np,31,
La Fusta,4,30,np,47,
La Fusta,4,30,np,149,28
La Fusta,4,30,np,193,
La Fusta,4,31,aa,78,
La Fusta,4,31,aa,110,24
La Fusta,4,31,aa,180,
La Fusta,4,31,aa,137,27
La Fusta,4,31,aa,98,
La Fusta,4,31,np,64,20
La Fusta,4,32,aa,48,
La Fusta,4,32,aa,40,
La Fusta,4,32,aa,46,9
La Fusta,4,32,aa,89,
La Fusta,4,32,aa,150,
La Fusta,4,32,np,44,12
La Fusta,4,32,np,62,
La Fusta,4,32,np,63,
La Fusta,4,32,np,13,
La Fusta,4,32,np,11,
La Fusta,4,32,np,12,
La Fusta,4,32,np,12,
La Fusta,4,32,np,9,
La Fusta,4,32,np,9,
La Fusta,4,32,np,19,
La Fusta,4,33,aa,127,
La Fusta,4,33,aa,88,
La Fusta,4,33,aa,98,
La Fusta,4,33,aa,110,
La Fusta,4,33,aa,89,26
La Fusta,4,33,np,73,
La Fusta,4,33,np,77,17
La Fusta,4,33,np,9,4
La Fusta,4,33,np,13,
La Fusta,4,33,np,10,
La Fusta,4,33,np,60,
La Fusta,4,34,aa,66,
La Fusta,4,34,np,14,
La Fusta,4,34,np,10,
La Fusta,4,34,np,7,
La Fusta,4,34,np,13,
La Fusta,4,34,np,16,6
La Fusta,4,34,np,59,
La Fusta,4,34,np,52,
La Fusta,4,34,np,86,
La Fusta,4,34,np,82,
La Fusta,4,34,np,61,
La Fusta,4,34,np,43,
La Fusta,4,34,np,70,
La Fusta,4,34,np,54,
La Fusta,4,34,np,132,
La Fusta,4,35,aa,86,19
La Fusta,4,35,np,86,28
La Fusta,4,35,np,82,
La Fusta,4,35,np,132,
La Fusta,4,35,np,43,
La Fusta,4,35,np,70,
La Fusta,4,35,np,16,
La Fusta,4,35,np,18,
La Fusta,4,35,np,20,
La Fusta,4,35,np,10,7
La Fusta,4,35,np,16,
La Fusta,4,35,np,15,
La Fusta,4,35,np,19,
La Fusta,4,35,np,105,
La Fusta,4,35,np,55,
La Fusta,4,35,np,59,
La Fusta,4,35,np,57,
La Fusta,4,36,aa,170,37
La Fusta,4,36,np,4,
La Fusta,4,36,np,16,
La Fusta,4,36,np,18,
La Fusta,4,36,np,24,
La Fusta,4,36,np,26,
La Fusta,4,36,np,7,
La Fusta,4,36,np,30,
La Fusta,4,36,np,16,
La Fusta,4,36,np,19,
La Fusta,4,36,np,10,7
La Fusta,4,36,np,12,
La Fusta,4,36,np,78,
Conguillio,5,1,aa,71,19
Conguillio,5,1,aa,62,18
Conguillio,5,1,np,56,
Conguillio,5,1,np,38,10
Conguillio,5,1,np,86,16
Conguillio,5,1,np,66,
Conguillio,5,1,np,48,
Conguillio,5,2,aa,8,
Conguillio,5,2,aa,28,
Conguillio,5,2,aa,15,
Conguillio,5,2,aa,18,9
Conguillio,5,2,aa,38,
Conguillio,5,2,np,30,
Conguillio,5,2,np,33,12.5
Conguillio,5,2,np,40,
Conguillio,5,2,np,52,
Conguillio,5,2,np,20,
Conguillio,5,3,aa,65,
Conguillio,5,3,aa,32,9
Conguillio,5,3,aa,51,
Conguillio,5,3,aa,60,18
Conguillio,5,3,aa,39,
Conguillio,5,3,nd,54,
Conguillio,5,3,nd,82,
Conguillio,5,3,nd,44,18
Conguillio,5,3,nd,47,
Conguillio,5,3,nd,92,21
Conguillio,5,3,nd,83,
Conguillio,5,3,nd,80,
Conguillio,5,3,nd,56,
Conguillio,5,3,nd,72,
Conguillio,5,4,aa,62,
Conguillio,5,4,aa,75,
Conguillio,5,4,aa,76,
Conguillio,5,4,aa,90,17
Conguillio,5,4,aa,57,
Conguillio,5,4,aa,17,
Conguillio,5,4,nd,94,
Conguillio,5,4,nd,97,
Conguillio,5,4,nd,93,
Conguillio,5,4,nd,98,
Conguillio,5,4,nd,64,
Conguillio,5,4,nd,70,
Conguillio,5,4,nd,60,
Conguillio,5,4,nd,86,
Conguillio,5,4,nd,78,
Conguillio,5,4,nd,77,
Conguillio,5,4,nd,71,21
Conguillio,5,4,nd,63,
Conguillio,5,4,nd,25,
Conguillio,5,4,np,57,16
Conguillio,5,5,aa,34,10
Conguillio,5,5,aa,78,19
Conguillio,5,5,aa,57,
Conguillio,5,5,aa,31,
Conguillio,5,5,aa,40,7
Conguillio,5,5,nd,59,23
Conguillio,5,5,nd,63,
Conguillio,5,5,nd,57,
Conguillio,5,5,nd,73,
Conguillio,5,5,nd,104,23
Conguillio,5,5,nd,85,
Conguillio,5,5,nd,74,
Conguillio,5,5,nd,64,
Conguillio,5,5,nd,46,
Conguillio,5,5,nd,96,
Conguillio,5,5,nd,79,
Conguillio,5,5,nd,77,
Conguillio,5,5,nd,63,
Conguillio,5,5,np,75,22
Conguillio,5,6,aa,72,
Conguillio,5,6,aa,78,
Conguillio,5,6,aa,83,
Conguillio,5,6,aa,80,19
Conguillio,5,6,aa,12,4
Conguillio,5,6,nd,105,
Conguillio,5,6,nd,45,
Conguillio,5,6,nd,65,
Conguillio,5,6,nd,76,
Conguillio,5,6,nd,78,
Conguillio,5,6,nd,31,
Conguillio,5,6,nd,37,
Conguillio,5,6,nd,56,
Conguillio,5,6,nd,42,
Conguillio,5,6,nd,25,
Conguillio,5,6,nd,46,
Conguillio,5,6,np,47,
Conguillio,5,6,np,31,20
Conguillio,5,7,aa,41,12
Conguillio,5,7,aa,59,14
Conguillio,5,7,aa,47,
Conguillio,5,7,nd,42,
Conguillio,5,7,nd,73,23
Conguillio,5,7,nd,34,14
Conguillio,5,7,nd,93,18
Conguillio,5,7,np,44,
Conguillio,5,7,np,41,
Conguillio,5,7,np,27,11
Conguillio,5,8,aa,15,
Conguillio,5,8,aa,24,
Conguillio,5,8,aa,94,
Conguillio,5,8,aa,79,
Conguillio,5,8,aa,49,19
Conguillio,5,8,nd,57,
Conguillio,5,8,nd,58,
Conguillio,5,8,nd,54,
Conguillio,5,8,nd,157,
Conguillio,5,8,nd,45,
Conguillio,5,8,nd,74,
Conguillio,5,8,nd,80,
Conguillio,5,8,nd,66,25
Conguillio,5,8,np,66,
Conguillio,5,8,np,58,16
Conguillio,5,9,aa,98,16
Conguillio,5,9,nd,95,
Conguillio,5,9,nd,68,
Conguillio,5,9,nd,183,28
Conguillio,5,9,nd,137,
Conguillio,5,9,np,32,
Conguillio,5,9,np,67,
Conguillio,5,9,np,65,11
Conguillio,5,10,aa,79,23
Conguillio,5,10,aa,77,
Conguillio,5,10,aa,79,
Conguillio,5,10,aa,72,
Conguillio,5,10,aa,88,
Conguillio,5,10,aa,75,
Conguillio,5,10,aa,74,18
Conguillio,5,10,nd,183,
Conguillio,5,10,nd,137,
Conguillio,5,10,nd,75,
Conguillio,5,10,nd,122,
Conguillio,5,10,nd,76,
Conguillio,5,10,nd,75,
Conguillio,5,10,nd,71,
Conguillio,5,10,nd,100,
Conguillio,5,10,nd,110,
Conguillio,5,10,nd,76,
Conguillio,5,10,nd,89,
Conguillio,5,10,nd,82,
Conguillio,5,10,nd,57,
Conguillio,5,10,nd,61,
Conguillio,5,10,nd,110,
Conguillio,5,10,nd,16,
Conguillio,5,11,aa,32,
Conguillio,5,11,aa,13,5
Conguillio,5,11,aa,49,
Conguillio,5,11,aa,81,19
Conguillio,5,11,nd,96,
Conguillio,5,11,nd,84,19
Conguillio,5,11,nd,187,
Conguillio,5,11,nd,191,35
Conguillio,5,11,np,22,9
Conguillio,5,11,np,75,22
Conguillio,5,12,aa,79,
Conguillio,5,12,aa,58,
Conguillio,5,12,aa,71,17
Conguillio,5,12,aa,79,
Conguillio,5,12,aa,74,
Conguillio,5,12,aa,63,
Conguillio,5,12,nd,183,
Conguillio,5,12,nd,191,34
Conguillio,5,12,nd,111,
Conguillio,5,12,nd,75,
Conguillio,5,12,nd,44,24
Conguillio,5,12,nd,48,
Conguillio,5,12,nd,40,
Conguillio,5,12,nd,36,
Conguillio,5,13,aa,110,23
Conguillio,5,13,aa,48,
Conguillio,5,13,aa,57,
Conguillio,5,13,aa,43,
Conguillio,5,13,aa,51,
Conguillio,5,13,aa,33,14
Conguillio,5,13,nd,24,11
Conguillio,5,13,nd,131,
Conguillio,5,13,nd,105,
Conguillio,5,13,nd,110,25
Conguillio,5,13,nd,82,
Conguillio,5,13,nd,183,
Conguillio,5,13,nd,191,34
Conguillio,5,13,nd,130,
Conguillio,5,13,nd,127,
Conguillio,5,13,nd,170,
Conguillio,5,13,nd,74,
Conguillio,5,14,aa,62,
Conguillio,5,14,aa,92,
Conguillio,5,14,aa,67,15
Conguillio,5,14,aa,73,
Conguillio,5,14,nd,130,
Conguillio,5,14,nd,127,
Conguillio,5,14,nd,36,
Conguillio,5,14,nd,59,
Conguillio,5,14,nd,61,17
Conguillio,5,15,aa,87,
Conguillio,5,15,aa,77,
Conguillio,5,15,aa,74,
Conguillio,5,15,aa,103,23
Conguillio,5,15,aa,73,
Conguillio,5,15,aa,77,
Conguillio,5,15,aa,33,12
Conguillio,5,15,nd,53,20
Conguillio,5,15,nd,54,
Conguillio,5,15,nd,67,
Conguillio,5,15,nd,53,
Conguillio,5,15,nd,79,
Conguillio,5,15,nd,87,
Conguillio,5,15,nd,40,
Conguillio,5,15,nd,74,
Conguillio,5,15,nd,77,
Conguillio,5,15,nd,111,
Conguillio,5,15,nd,70,
Conguillio,5,15,nd,124,
Conguillio,5,15,nd,40,
Conguillio,5,15,nd,146,27
Conguillio,5,16,aa,79,
Conguillio,5,16,aa,63,14
Conguillio,5,16,nd,100,
Conguillio,5,16,nd,51,
Conguillio,5,16,nd,35,
Conguillio,5,16,nd,81,15
Conguillio,5,16,nd,136,
Conguillio,5,16,nd,156,
Conguillio,5,17,aa,80,23
Conguillio,5,17,aa,62,18
Conguillio,5,17,aa,49,
Conguillio,5,17,aa,78,
Conguillio,5,17,aa,61,
Conguillio,5,17,nd,110,
Conguillio,5,17,nd,105,
Conguillio,5,17,nd,130,24
Conguillio,5,17,nd,74,
Conguillio,5,17,nd,80,
Conguillio,5,17,nd,105,
Conguillio,5,17,nd,80,
Conguillio,5,17,nd,97,
Conguillio,5,17,nd,171,30
Conguillio,5,17,nd,110,
Conguillio,5,17,np,43,
Conguillio,5,17,np,44,23
Conguillio,5,18,aa,68,
Conguillio,5,18,aa,14,8
Conguillio,5,18,nd,70,
Conguillio,5,18,nd,83,
Conguillio,5,18,nd,54,
Conguillio,5,18,nd,85,
Conguillio,5,18,nd,69,21
Conguillio,5,18,nd,82,
Conguillio,5,18,np,62,
Conguillio,5,19,aa,113,24
Conguillio,5,19,aa,27,13
Conguillio,5,19,nd,88,
Conguillio,5,19,nd,61,
Conguillio,5,19,nd,91,
Conguillio,5,19,nd,102,22
Conguillio,5,19,nd,83,
Conguillio,5,19,nd,94,
Conguillio,5,19,nd,47,
Conguillio,5,19,nd,65,
Conguillio,5,19,nd,60,
Conguillio,5,19,nd,51,
Conguillio,5,19,nd,46,
Conguillio,5,19,nd,59,
Conguillio,5,19,nd,79,
Conguillio,5,19,nd,79,
Conguillio,5,19,nd,84,
Conguillio,5,19,np,57,14
Conguillio,5,20,aa,44,11
Conguillio,5,20,aa,97,
Conguillio,5,20,nd,54,16
Conguillio,5,20,nd,52,
Conguillio,5,20,nd,63,
Conguillio,5,20,nd,58,
Conguillio,5,20,nd,62,
Conguillio,5,21,aa,27,8
Conguillio,5,21,aa,37,
Conguillio,5,21,aa,75,17
Conguillio,5,21,nd,130,
Conguillio,5,21,nd,160,21
Conguillio,5,21,nd,135,
Conguillio,5,21,nd,132,
Conguillio,5,21,nd,105,20
Conguillio,5,22,aa,59,
Conguillio,5,22,aa,48,
Conguillio,5,22,aa,39,15
Conguillio,5,22,aa,38,
Conguillio,5,22,aa,74,
Conguillio,5,22,aa,70,
Conguillio,5,22,aa,68,18
Conguillio,5,22,nd,58,
Conguillio,5,22,nd,94,
Conguillio,5,22,nd,70,
Conguillio,5,22,nd,42,
Conguillio,5,22,nd,61,
Conguillio,5,22,nd,66,
Conguillio,5,22,nd,91,
Conguillio,5,22,nd,77,
Conguillio,5,22,nd,116,24
Conguillio,5,22,nd,61,
Conguillio,5,22,nd,95,
Conguillio,5,22,nd,95,
Conguillio,5,22,nd,93,24
Conguillio,5,23,aa,70,16
Conguillio,5,23,aa,66,22
Conguillio,5,23,nd,134,20
Conguillio,5,23,nd,61,
Conguillio,5,23,nd,85,18
Conguillio,5,23,nd,89,
Conguillio,5,23,nd,63,
Conguillio,5,23,nd,50,14
Conguillio,5,24,aa,39,14
Conguillio,5,24,aa,68,
Conguillio,5,24,aa,70,
Conguillio,5,24,aa,59,
Conguillio,5,24,aa,62,
Conguillio,5,24,nd,53,
Conguillio,5,24,nd,39,
Conguillio,5,24,nd,70,
Conguillio,5,24,nd,137,
Conguillio,5,24,nd,40,
Conguillio,5,24,nd,79,
Conguillio,5,24,nd,65,
Conguillio,5,24,nd,134,
Conguillio,5,24,nd,71,
Conguillio,5,24,nd,108,
Conguillio,5,24,nd,58,
Conguillio,5,24,nd,105,
Conguillio,5,24,nd,185,
Conguillio,5,24,nd,60,24
Conguillio,5,24,nd,59,
Conguillio,5,24,nd,68,
Conguillio,5,25,aa,57,20
Conguillio,5,25,aa,57,
Conguillio,5,25,aa,37,18
Conguillio,5,25,nd,99,
Conguillio,5,25,nd,59,
Conguillio,5,25,nd,50,
Conguillio,5,25,nd,71,
Conguillio,5,25,nd,80,
Conguillio,5,25,nd,66,
Conguillio,5,25,nd,45,23
Conguillio,5,25,nd,89,
Conguillio,5,25,nd,217,27
Conguillio,5,26,aa,70,13
Conguillio,5,26,aa,120,
Conguillio,5,26,aa,130,
Conguillio,5,26,nd,58,
Conguillio,5,26,nd,105,
Conguillio,5,26,nd,74,
Conguillio,5,26,nd,100,24
Conguillio,5,26,np,50,
Conguillio,5,26,np,10,
Conguillio,5,26,np,6,
Malalcahuello,6,1,aa,96,16
Malalcahuello,6,1,np,57,20
Malalcahuello,6,1,np,34,
Malalcahuello,6,1,np,63,
Malalcahuello,6,1,np,60,
Malalcahuello,6,1,np,70,
Malalcahuello,6,1,np,37,
Malalcahuello,6,2,aa,74,19
Malalcahuello,6,2,aa,54,
Malalcahuello,6,2,aa,28,
Malalcahuello,6,2,aa,15,5
Malalcahuello,6,2,aa,37,
Malalcahuello,6,2,aa,35,
Malalcahuello,6,3,aa,166,22
Malalcahuello,6,3,aa,63,
Malalcahuello,6,3,aa,175,
Malalcahuello,6,3,np,72,13
Malalcahuello,6,3,np,62,
Malalcahuello,6,3,np,115,
Malalcahuello,6,3,np,58,
Malalcahuello,6,4,,,
Malalcahuello,6,5,aa,166,
Malalcahuello,6,5,aa,48,
Malalcahuello,6,5,aa,100,18
Malalcahuello,6,5,np,32,10
Malalcahuello,6,5,np,68,
Malalcahuello,6,6,aa,84,19
Malalcahuello,6,6,aa,69,
Malalcahuello,6,6,aa,57,10
Malalcahuello,6,6,np,25,6
Malalcahuello,6,6,np,74,22
Malalcahuello,6,6,np,91,
Malalcahuello,6,6,np,54,
Malalcahuello,6,7,aa,84,
Malalcahuello,6,7,aa,48,13
Malalcahuello,6,7,aa,46,
Malalcahuello,6,7,aa,75,
Malalcahuello,6,7,np,55,14
Malalcahuello,6,8,np,82,16
Malalcahuello,6,8,np,55,
Malalcahuello,6,8,np,51,10
Malalcahuello,6,9,aa,69,17
Malalcahuello,6,9,aa,86,
Malalcahuello,6,9,aa,53,
Malalcahuello,6,9,aa,65,
Malalcahuello,6,9,aa,99,
Malalcahuello,6,9,np,83,23
Malalcahuello,6,9,np,54,
Malalcahuello,6,9,np,51,
Malalcahuello,6,9,np,145,
Malalcahuello,6,11,aa,160,31
Malalcahuello,6,11,aa,80,
Malalcahuello,6,11,np,38,
Malalcahuello,6,11,np,67,20
Malalcahuello,6,11,np,82,
Malalcahuello,6,11,np,78,
Malalcahuello,6,11,np,76,
Malalcahuello,6,11,np,76,
Malalcahuello,6,12,np,,
Malalcahuello,6,13,aa,84,
Malalcahuello,6,13,aa,65,18
Malalcahuello,6,13,np,48,
Malalcahuello,6,13,np,46,9
Malalcahuello,6,13,np,31,
Malalcahuello,6,14,np,71,12
Malalcahuello,6,14,np,66,
Malalcahuello,6,14,np,65,
Malalcahuello,6,14,np,56,14
Malalcahuello,6,15,aa,87,11
Malalcahuello,6,15,aa,105,
Malalcahuello,6,15,np,46,
Malalcahuello,6,15,np,64,
Malalcahuello,6,15,np,51,7
Malalcahuello,6,16,np,17,8
Malalcahuello,6,16,np,7,
Malalcahuello,6,16,np,15,
Malalcahuello,6,16,np,63,
Malalcahuello,6,16,np,63,
Malalcahuello,6,17,aa,88,
Malalcahuello,6,17,np,86,
Malalcahuello,6,17,np,35,
Malalcahuello,6,18,aa,74,16
Malalcahuello,6,18,nd,103,21
Malalcahuello,6,18,np,65,19
Malalcahuello,6,19,,,
Malalcahuello,6,20,aa,37,16
Malalcahuello,6,20,aa,86,22
Malalcahuello,6,20,nd,95,16
Malalcahuello,6,20,nd,49,
Malalcahuello,6,20,np,3,2.5
Malalcahuello,6,20,np,13,
Malalcahuello,6,20,np,37,
Malalcahuello,6,20,np,32,
Malalcahuello,6,20,np,70,18
Malalcahuello,6,21,aa,68,
Malalcahuello,6,21,aa,93,21
Malalcahuello,6,21,aa,52,
Malalcahuello,6,21,np,34,
Malalcahuello,6,21,np,28,
Malalcahuello,6,21,np,27,
Malalcahuello,6,21,np,55,
Malalcahuello,6,21,np,53,
Malalcahuello,6,21,np,54,
Malalcahuello,6,21,np,16,
Malalcahuello,6,21,np,9,
Malalcahuello,6,21,np,27,
Malalcahuello,6,21,np,21,
Malalcahuello,6,21,np,67,
Malalcahuello,6,21,np,80,19
Malalcahuello,6,22,aa,38,9
Malalcahuello,6,22,aa,69,
Malalcahuello,6,22,aa,93,21
Malalcahuello,6,22,aa,48,
Malalcahuello,6,22,aa,84,
Malalcahuello,6,22,aa,64,
Malalcahuello,6,22,aa,71,
Malalcahuello,6,22,aa,57,
Malalcahuello,6,22,aa,58,
Malalcahuello,6,22,aa,35,
Malalcahuello,6,22,aa,93,
Malalcahuello,6,22,nd,12,2.5
Malalcahuello,6,22,nd,76,22
Malalcahuello,6,22,np,53,
Malalcahuello,6,22,np,59,
Malalcahuello,6,22,np,65,
Malalcahuello,6,23,aa,72,
Malalcahuello,6,23,aa,40,
Malalcahuello,6,23,aa,58,
Malalcahuello,6,23,aa,42,
Malalcahuello,6,23,aa,38,
Malalcahuello,6,23,aa,64,
Malalcahuello,6,23,aa,53,
Malalcahuello,6,23,aa,43,
Malalcahuello,6,23,aa,43,
Malalcahuello,6,23,aa,33,7
Malalcahuello,6,23,aa,85,25
Malalcahuello,6,23,aa,79,
Malalcahuello,6,23,aa,146,30
Malalcahuello,6,23,nd,69,20
Malalcahuello,6,23,np,58,22
Malalcahuello,6,23,np,57,
Malalcahuello,6,23,np,96,
Malalcahuello,6,24,aa,68,
Malalcahuello,6,24,aa,17,9
Malalcahuello,6,24,aa,72,24
Malalcahuello,6,24,np,37,
Malalcahuello,6,24,np,34,
Malalcahuello,6,24,np,29,
Malalcahuello,6,24,np,25,
Malalcahuello,6,24,np,31,
Malalcahuello,6,24,np,29,
Malalcahuello,6,24,np,16,18
Malalcahuello,6,24,np,23,
Malalcahuello,6,24,np,33,
Malalcahuello,6,24,np,30,
Malalcahuello,6,24,np,47,
Malalcahuello,6,24,np,26,
Malalcahuello,6,24,np,70,23
Malalcahuello,6,24,np,58,
Malalcahuello,6,24,np,39,
Malalcahuello,6,24,np,43,
Malalcahuello,6,25,np,55,
Malalcahuello,6,25,np,33,
Malalcahuello,6,25,np,28,
Malalcahuello,6,25,np,37,
Malalcahuello,6,25,np,53,20
Malalcahuello,6,25,np,32,
Malalcahuello,6,25,np,48,
Malalcahuello,6,25,np,57,
Malalcahuello,6,25,np,69,
Malalcahuello,6,25,np,43,
Malalcahuello,6,25,np,42,
Malalcahuello,6,25,np,46,
Malalcahuello,6,25,np,33,
Malalcahuello,6,25,np,44,
Malalcahuello,6,25,np,22,
Malalcahuello,6,25,np,38,
Malalcahuello,6,26,aa,82,20
Malalcahuello,6,26,aa,80,16
Malalcahuello,6,26,np,29,18
Malalcahuello,6,26,np,14,8
Malalcahuello,6,26,np,14,
Malalcahuello,6,26,np,44,
Malalcahuello,6,26,np,19,
Malalcahuello,6,26,np,41,
Malalcahuello,6,26,np,39,
Malalcahuello,6,26,np,20,
Malalcahuello,6,26,np,59,
Malalcahuello,6,27,aa,58,11
Malalcahuello,6,27,aa,44,
Malalcahuello,6,27,aa,21,4.5
Malalcahuello,6,27,aa,12,
Malalcahuello,6,27,aa,18,
Malalcahuello,6,27,aa,47,
Malalcahuello,6,27,aa,89,
Malalcahuello,6,27,aa,85,
Malalcahuello,6,27,aa,46,
Malalcahuello,6,27,aa,94,
Malalcahuello,6,27,np,36,
Malalcahuello,6,27,np,73,
Malalcahuello,6,27,np,83,
Malalcahuello,6,27,np,58,
Malalcahuello,6,27,np,44,
Malalcahuello,6,28,aa,123,23
Malalcahuello,6,28,aa,60,12
Malalcahuello,6,28,aa,55,
Malalcahuello,6,28,aa,49,
Malalcahuello,6,28,np,90,
Malalcahuello,6,28,np,106,25
Malalcahuello,6,28,np,93,
Malalcahuello,6,28,np,51,16
Malalcahuello,6,29,aa,76,
Malalcahuello,6,29,aa,63,20
Malalcahuello,6,29,aa,43,
Malalcahuello,6,29,aa,51,
Malalcahuello,6,29,aa,123,23
Malalcahuello,6,29,np,12,10
Malalcahuello,6,29,np,55,
Malalcahuello,6,29,np,61,21
Malalcahuello,6,29,np,9,
Malalcahuello,6,29,np,106,25
Malalcahuello,6,29,np,21,
Malalcahuello,6,30,aa,75,26
Malalcahuello,6,30,aa,34,13
Malalcahuello,6,30,aa,79,
Malalcahuello,6,30,aa,86,26
Malalcahuello,6,30,aa,68,
Malalcahuello,6,30,np,66,
Malalcahuello,6,30,np,42,
Malalcahuello,6,30,np,132,19
Malalcahuello,6,30,np,55,
Malalcahuello,6,30,np,105,
Malalcahuello,6,31,aa,89,26
Malalcahuello,6,31,aa,68,
Malalcahuello,6,31,np,32,
Malalcahuello,6,31,np,40,
Malalcahuello,6,31,np,26,28
Malalcahuello,6,31,np,33,
Malalcahuello,6,31,np,26,
Malalcahuello,6,31,np,27,
Malalcahuello,6,31,np,20,
Malalcahuello,6,31,np,41,
Malalcahuello,6,31,np,42,
Malalcahuello,6,31,np,53,
Malalcahuello,6,31,np,47,
Malalcahuello,6,31,np,95,24
Malalcahuello,6,31,np,80,
Malalcahuello,6,31,np,60,
Malalcahuello,6,31,np,35,
Malalcahuello,6,31,np,47,
Malalcahuello,6,31,np,16,
Malalcahuello,6,31,np,61,
Malalcahuello,6,31,np,54,
Malalcahuello,6,31,np,64,
Malalcahuello,6,31,np,20,18
Malalcahuello,6,32,np,29,
Malalcahuello,6,32,np,55,
Malalcahuello,6,32,np,74,
Malalcahuello,6,32,np,54,
Malalcahuello,6,32,np,24,
Malalcahuello,6,32,np,44,23
Malalcahuello,6,32,np,52,
Malalcahuello,6,32,np,46,
Malalcahuello,6,32,np,32,
Malalcahuello,6,32,np,45,
Malalcahuello,6,32,np,33,
Malalcahuello,6,32,np,36,
Malalcahuello,6,32,np,52,
Malalcahuello,6,32,np,46,
Malalcahuello,6,33,aa,51,
Malalcahuello,6,33,aa,44,
Malalcahuello,6,33,aa,22,
Malalcahuello,6,33,aa,33,
Malalcahuello,6,33,aa,29,
Malalcahuello,6,33,aa,41,
Malalcahuello,6,33,aa,80,
Malalcahuello,6,33,aa,31,
Malalcahuello,6,33,aa,63,
Malalcahuello,6,33,aa,26,9
Malalcahuello,6,33,np,12,
Malalcahuello,6,33,np,20,
Malalcahuello,6,33,np,17,
Malalcahuello,6,33,np,13,
Malalcahuello,6,33,np,28,
Malalcahuello,6,33,np,18,12
Malalcahuello,6,33,np,70,
Malalcahuello,6,34,aa,49,
Malalcahuello,6,34,aa,73,
Malalcahuello,6,34,aa,53,
Malalcahuello,6,34,aa,47,
Malalcahuello,6,34,aa,53,
Malalcahuello,6,34,aa,38,
Malalcahuello,6,34,aa,27,10
Malalcahuello,6,34,aa,148,24
Malalcahuello,6,34,np,13,7
Malalcahuello,6,34,np,18,
Malalcahuello,6,34,np,19,7.5
Malalcahuello,6,35,aa,70,
Malalcahuello,6,35,aa,46,
Malalcahuello,6,35,aa,62,23
Malalcahuello,6,35,aa,160,
Malalcahuello,6,35,aa,64,
Malalcahuello,6,35,aa,175,
Malalcahuello,6,35,np,11,5
Malalcahuello,6,35,np,22,16
Malalcahuello,6,35,np,10,
Malalcahuello,6,35,np,74,
Malalcahuello,6,35,np,105,
Malalcahuello,6,36,aa,54,
Malalcahuello,6,36,aa,52,
Malalcahuello,6,36,aa,49,18
Malalcahuello,6,36,aa,59,22
Malalcahuello,6,36,np,40,
Malalcahuello,6,36,np,45,
Malalcahuello,6,36,np,78,26
Malalcahuello,6,36,np,43,16
Malalcahuello,6,36,np,62,
Malalcahuello,6,36,np,60,
Malalcahuello,6,36,np,50,
El Naranjo,7,1,aa,78,
El Naranjo,7,1,aa,26,
El Naranjo,7,1,aa,38,
El Naranjo,7,1,aa,32,
El Naranjo,7,1,aa,55,12
El Naranjo,7,1,aa,77,
El Naranjo,7,1,aa,94,
El Naranjo,7,2,aa,33,5
El Naranjo,7,2,aa,76,
El Naranjo,7,2,aa,170,22
El Naranjo,7,2,aa,48,
El Naranjo,7,2,aa,50,
El Naranjo,7,2,aa,65,
El Naranjo,7,3,aa,121,
El Naranjo,7,3,aa,113,
El Naranjo,7,3,aa,76,
El Naranjo,7,3,aa,94,
El Naranjo,7,3,aa,105,
El Naranjo,7,3,aa,76,
El Naranjo,7,3,aa,67,
El Naranjo,7,3,aa,86,22.5
El Naranjo,7,4,aa,39,
El Naranjo,7,4,aa,44,
El Naranjo,7,4,aa,70,
El Naranjo,7,4,aa,40,
El Naranjo,7,4,aa,81,
El Naranjo,7,4,aa,43,
El Naranjo,7,4,aa,33,
El Naranjo,7,4,aa,43,
El Naranjo,7,4,aa,45,
El Naranjo,7,4,aa,109,
El Naranjo,7,4,aa,58,
El Naranjo,7,4,aa,72,
El Naranjo,7,4,aa,24,
El Naranjo,7,5,aa,54,
El Naranjo,7,5,aa,24,
El Naranjo,7,5,aa,45,10
El Naranjo,7,5,aa,51,
El Naranjo,7,5,aa,40,
El Naranjo,7,5,aa,19,
El Naranjo,7,5,aa,50,
El Naranjo,7,5,aa,64,
El Naranjo,7,6,aa,71,
El Naranjo,7,6,aa,115,
El Naranjo,7,6,aa,60,12
El Naranjo,7,6,aa,156,24
El Naranjo,7,6,np,46,21
El Naranjo,7,6,np,49,
El Naranjo,7,6,np,26,13
El Naranjo,7,7,aa,60,
El Naranjo,7,7,aa,42,
El Naranjo,7,7,aa,27,
El Naranjo,7,7,aa,67,13
El Naranjo,7,7,aa,38,
El Naranjo,7,7,aa,12,
El Naranjo,7,7,aa,71,
El Naranjo,7,7,aa,22,
El Naranjo,7,7,aa,30,
El Naranjo,7,7,aa,103,
El Naranjo,7,7,aa,73,
El Naranjo,7,7,aa,37,
El Naranjo,7,7,aa,28,
El Naranjo,7,7,aa,81,
El Naranjo,7,7,aa,87,
El Naranjo,7,8,aa,61,
El Naranjo,7,8,aa,74,
El Naranjo,7,8,aa,87,16
El Naranjo,7,8,aa,75,
El Naranjo,7,8,aa,23,
El Naranjo,7,8,aa,79,
El Naranjo,7,8,aa,21,
El Naranjo,7,8,aa,27,
El Naranjo,7,8,aa,7,2
El Naranjo,7,8,aa,85,
El Naranjo,7,8,aa,78,
El Naranjo,7,9,aa,39,
El Naranjo,7,9,aa,85,11.5
El Naranjo,7,9,aa,96,
El Naranjo,7,9,aa,64,
El Naranjo,7,9,aa,153,
El Naranjo,7,10,aa,76,
El Naranjo,7,10,aa,79,
El Naranjo,7,10,aa,73,
El Naranjo,7,10,aa,124,
El Naranjo,7,10,aa,48,
El Naranjo,7,10,aa,83,
El Naranjo,7,10,aa,50,
El Naranjo,7,10,aa,166,22
El Naranjo,7,10,aa,47,15
El Naranjo,7,10,aa,73,
El Naranjo,7,10,aa,153,
El Naranjo,7,11,aa,76,
El Naranjo,7,11,aa,85,
El Naranjo,7,11,aa,11,
El Naranjo,7,11,aa,65,
El Naranjo,7,11,aa,68,17.5
El Naranjo,7,11,aa,62,
El Naranjo,7,11,aa,28,
El Naranjo,7,11,aa,20,
El Naranjo,7,12,aa,50,
El Naranjo,7,12,aa,66,
El Naranjo,7,12,aa,33,7.5
El Naranjo,7,12,aa,59,
El Naranjo,7,12,aa,54,
El Naranjo,7,12,aa,34,
El Naranjo,7,12,aa,64,
El Naranjo,7,12,aa,196,18
El Naranjo,7,12,aa,45,
El Naranjo,7,13,aa,84,
El Naranjo,7,13,aa,75,
El Naranjo,7,13,aa,153,
El Naranjo,7,13,aa,106,16
El Naranjo,7,14,aa,51,
El Naranjo,7,14,aa,81,
El Naranjo,7,14,aa,83,
El Naranjo,7,14,aa,16,5
El Naranjo,7,14,aa,81,
El Naranjo,7,14,aa,96,16
El Naranjo,7,14,aa,56,
El Naranjo,7,14,aa,48,
El Naranjo,7,15,aa,42,
El Naranjo,7,15,aa,52,
El Naranjo,7,15,aa,63,
El Naranjo,7,15,aa,83,
El Naranjo,7,15,aa,165,
El Naranjo,7,15,aa,115,
El Naranjo,7,15,aa,76,15
El Naranjo,7,15,aa,63,
El Naranjo,7,16,aa,60,
El Naranjo,7,16,aa,77,
El Naranjo,7,16,aa,54,
El Naranjo,7,16,aa,25,6
El Naranjo,7,16,aa,49,
El Naranjo,7,16,aa,64,
El Naranjo,7,16,aa,86,
El Naranjo,7,16,aa,165,21
El Naranjo,7,16,aa,81,
El Naranjo,7,16,aa,58,
El Naranjo,7,16,aa,47,
El Naranjo,7,17,aa,75,
El Naranjo,7,17,aa,64,
El Naranjo,7,17,aa,32,
El Naranjo,7,17,aa,48,
El Naranjo,7,17,aa,74,
El Naranjo,7,17,aa,88,
El Naranjo,7,17,aa,48,
El Naranjo,7,17,aa,50,
El Naranjo,7,17,aa,43,
El Naranjo,7,17,aa,64,10
El Naranjo,7,17,aa,165,
El Naranjo,7,18,aa,75,
El Naranjo,7,18,aa,175,14
El Naranjo,7,18,aa,100,
El Naranjo,7,18,aa,72,
El Naranjo,7,18,aa,78,
El Naranjo,7,18,aa,7,2
El Naranjo,7,19,aa,58,
El Naranjo,7,19,aa,55,
El Naranjo,7,19,aa,38,
El Naranjo,7,19,aa,41,
El Naranjo,7,19,aa,22,
El Naranjo,7,19,aa,21,
El Naranjo,7,19,aa,79,
El Naranjo,7,19,aa,7,3.2
El Naranjo,7,19,aa,14,
El Naranjo,7,19,aa,13,
El Naranjo,7,19,aa,159,37
El Naranjo,7,19,aa,102,
El Naranjo,7,20,aa,34,
El Naranjo,7,20,aa,26,
El Naranjo,7,20,aa,47,
El Naranjo,7,20,aa,168,
El Naranjo,7,20,aa,78,
El Naranjo,7,20,aa,93,
El Naranjo,7,20,aa,57,
El Naranjo,7,20,aa,51,
El Naranjo,7,20,aa,26,
El Naranjo,7,20,aa,60,9
El Naranjo,7,21,aa,90,
El Naranjo,7,21,aa,93,
El Naranjo,7,21,aa,79,
El Naranjo,7,21,aa,55,14
El Naranjo,7,21,aa,48,
El Naranjo,7,21,aa,100,
El Naranjo,7,21,aa,70,
El Naranjo,7,21,aa,77,
El Naranjo,7,21,aa,100,
El Naranjo,7,21,aa,79,
El Naranjo,7,21,aa,100,
El Naranjo,7,21,aa,136,22
El Naranjo,7,21,aa,92,
El Naranjo,7,21,aa,100,
El Naranjo,7,22,aa,67,13
El Naranjo,7,22,aa,94,
El Naranjo,7,22,aa,11,
El Naranjo,7,22,aa,13,
El Naranjo,7,22,aa,74,
El Naranjo,7,22,aa,24,
El Naranjo,7,22,aa,51,
El Naranjo,7,22,aa,94,
El Naranjo,7,22,aa,61,
El Naranjo,7,22,aa,100,
El Naranjo,7,22,aa,55,
El Naranjo,7,22,aa,73,
El Naranjo,7,22,aa,90,
El Naranjo,7,22,aa,93,
El Naranjo,7,22,aa,101,
El Naranjo,7,22,aa,78,
El Naranjo,7,22,aa,82,
El Naranjo,7,22,aa,136,22
El Naranjo,7,23,aa,21,
El Naranjo,7,23,aa,15,
El Naranjo,7,23,aa,19,
El Naranjo,7,23,aa,108,
El Naranjo,7,23,aa,136,22
El Naranjo,7,23,aa,52,
El Naranjo,7,23,aa,29,7.5
El Naranjo,7,23,aa,41,
El Naranjo,7,23,aa,57,
El Naranjo,7,23,aa,90,
El Naranjo,7,23,aa,77,
El Naranjo,7,23,aa,118,
El Naranjo,7,23,aa,8,
El Naranjo,7,23,aa,59,
El Naranjo,7,23,aa,69,
El Naranjo,7,23,aa,61,
El Naranjo,7,23,aa,71,
El Naranjo,7,24,aa,69,
El Naranjo,7,24,aa,30,
El Naranjo,7,24,aa,54,
El Naranjo,7,24,aa,62,
El Naranjo,7,24,aa,92,
El Naranjo,7,24,aa,160,25
El Naranjo,7,24,aa,115,
El Naranjo,7,24,aa,87,
El Naranjo,7,24,aa,38,
El Naranjo,7,24,aa,51,
El Naranjo,7,24,aa,71,15
El Naranjo,7,24,np,27,
El Naranjo,7,25,aa,94,
El Naranjo,7,25,aa,66,
El Naranjo,7,25,aa,72,
El Naranjo,7,25,aa,70,
El Naranjo,7,25,aa,61,
El Naranjo,7,25,aa,53,
El Naranjo,7,25,aa,43,
El Naranjo,7,25,aa,87,
El Naranjo,7,25,aa,35,
El Naranjo,7,25,aa,90,
El Naranjo,7,25,aa,100,23
El Naranjo,7,25,aa,100,
El Naranjo,7,25,np,21,8
El Naranjo,7,25,np,34,
El Naranjo,7,26,aa,77,
El Naranjo,7,26,aa,134,31
El Naranjo,7,26,aa,86,
El Naranjo,7,26,aa,64,
El Naranjo,7,26,aa,61,
El Naranjo,7,26,aa,53,
El Naranjo,7,26,aa,92,
El Naranjo,7,26,aa,78,
El Naranjo,7,26,aa,92,
El Naranjo,7,26,aa,100,
El Naranjo,7,26,aa,43,
El Naranjo,7,26,np,57,
El Naranjo,7,27,aa,52,
El Naranjo,7,27,aa,70,
El Naranjo,7,27,aa,58,
El Naranjo,7,27,aa,32,
El Naranjo,7,27,aa,45,
El Naranjo,7,27,aa,76,
El Naranjo,7,27,aa,90,
El Naranjo,7,27,aa,159,
El Naranjo,7,27,aa,56,
El Naranjo,7,27,aa,100,
El Naranjo,7,27,aa,19,
El Naranjo,7,27,aa,29,7
El Naranjo,7,27,aa,59,
El Naranjo,7,27,aa,96,28
El Naranjo,7,27,aa,96,
El Naranjo,7,27,aa,134,
El Naranjo,7,28,aa,53,9
El Naranjo,7,28,aa,61,
El Naranjo,7,28,aa,91,
El Naranjo,7,28,aa,37,
El Naranjo,7,28,aa,68,
El Naranjo,7,28,aa,82,
El Naranjo,7,28,aa,158,
El Naranjo,7,29,aa,5,2.3
El Naranjo,7,29,aa,25,
El Naranjo,7,29,aa,11,
El Naranjo,7,29,aa,12,
El Naranjo,7,29,aa,53,
El Naranjo,7,29,aa,62,
El Naranjo,7,29,aa,82,25.5
El Naranjo,7,29,aa,80,
El Naranjo,7,29,aa,74,
El Naranjo,7,30,aa,57,
El Naranjo,7,30,aa,24,
El Naranjo,7,30,aa,33,
El Naranjo,7,30,aa,60,
El Naranjo,7,30,aa,37,
El Naranjo,7,30,aa,67,
El Naranjo,7,30,aa,60,
El Naranjo,7,30,aa,104,
El Naranjo,7,30,aa,65,
El Naranjo,7,31,aa,78,
El Naranjo,7,31,aa,55,
El Naranjo,7,31,aa,50,
El Naranjo,7,31,aa,42,
El Naranjo,7,31,aa,48,
El Naranjo,7,31,aa,70,
El Naranjo,7,31,aa,35,9.5
El Naranjo,7,31,aa,66,
El Naranjo,7,31,aa,61,
El Naranjo,7,31,aa,168,26
El Naranjo,7,32,aa,19,
El Naranjo,7,32,aa,46,
El Naranjo,7,32,aa,22,
El Naranjo,7,32,aa,53,
El Naranjo,7,32,aa,57,
El Naranjo,7,32,aa,46,9.5
El Naranjo,7,32,aa,62,
El Naranjo,7,32,aa,9,
El Naranjo,7,32,aa,53,
El Naranjo,7,32,aa,78,
El Naranjo,7,32,aa,57,
El Naranjo,7,33,aa,20,7
El Naranjo,7,33,aa,32,
El Naranjo,7,33,aa,20,
El Naranjo,7,33,aa,41,
El Naranjo,7,33,aa,59,
El Naranjo,7,33,aa,42,
El Naranjo,7,33,aa,99,
El Naranjo,7,33,aa,79,
El Naranjo,7,33,aa,98,
El Naranjo,7,33,aa,65,
El Naranjo,7,33,aa,159,22
El Naranjo,7,33,aa,136,
El Naranjo,7,34,aa,164,24
El Naranjo,7,34,aa,59,
El Naranjo,7,34,aa,43,
El Naranjo,7,34,aa,40,
El Naranjo,7,34,aa,84,
El Naranjo,7,34,aa,159,22
El Naranjo,7,34,aa,67,20
El Naranjo,7,34,aa,65,12
El Naranjo,7,35,,,
El Naranjo,7,36,aa,163,24
El Naranjo,7,36,aa,90,
El Naranjo,7,36,aa,93,
El Naranjo,7,36,aa,23,10
El Naranjo,7,36,aa,40,
El Naranjo,7,36,aa,32,
El Naranjo,7,36,aa,32,
El Naranjo,7,36,aa,70,
El Naranjo,7,36,aa,48,
El Naranjo,7,36,aa,82,
El Naranjo,7,36,aa,88,
El Naranjo,7,36,aa,55,
El Naranjo,8,1,aa,36,
El Naranjo,8,1,aa,133,
El Naranjo,8,1,aa,43,
El Naranjo,8,1,aa,73,
El Naranjo,8,1,aa,71,
El Naranjo,8,1,aa,36,
El Naranjo,8,1,aa,42,
El Naranjo,8,1,aa,73,
El Naranjo,8,1,aa,92,
El Naranjo,8,1,aa,32,
El Naranjo,8,1,aa,125,
El Naranjo,8,1,aa,61,15.5
El Naranjo,8,2,aa,69,
El Naranjo,8,2,aa,26,
El Naranjo,8,2,aa,33,
El Naranjo,8,2,aa,20,
El Naranjo,8,2,aa,119,17
El Naranjo,8,2,aa,67,
El Naranjo,8,2,aa,90,
El Naranjo,8,2,aa,24,
El Naranjo,8,2,aa,21,
El Naranjo,8,2,aa,15,3
El Naranjo,8,2,aa,37,
El Naranjo,8,2,aa,75,
El Naranjo,8,2,aa,87,
El Naranjo,8,2,aa,110,
El Naranjo,8,2,aa,74,
El Naranjo,8,2,aa,48,
El Naranjo,8,2,aa,84,
El Naranjo,8,2,aa,99,
El Naranjo,8,3,aa,105,
El Naranjo,8,3,aa,49,
El Naranjo,8,3,aa,46,
El Naranjo,8,3,aa,41,
El Naranjo,8,3,aa,121,
El Naranjo,8,3,aa,41,
El Naranjo,8,3,aa,112,
El Naranjo,8,3,aa,73,
El Naranjo,8,3,aa,119,
El Naranjo,8,3,aa,62,
El Naranjo,8,3,aa,56,
El Naranjo,8,3,aa,62,16
El Naranjo,8,4,aa,58,11
El Naranjo,8,4,aa,126,24
El Naranjo,8,5,aa,74,
El Naranjo,8,5,aa,82,
El Naranjo,8,5,aa,78,17
El Naranjo,8,5,aa,151,
El Naranjo,8,5,aa,71,
El Naranjo,8,5,aa,84,
El Naranjo,8,5,aa,89,
El Naranjo,8,5,aa,56,
El Naranjo,8,5,aa,65,
El Naranjo,8,5,aa,52,
El Naranjo,8,6,aa,151,23
El Naranjo,8,6,aa,99,
El Naranjo,8,6,aa,139,
El Naranjo,8,6,aa,60,13
El Naranjo,8,7,aa,47,
El Naranjo,8,7,aa,42,
El Naranjo,8,7,aa,16,
El Naranjo,8,7,aa,79,
El Naranjo,8,7,aa,14,
El Naranjo,8,7,aa,32,
El Naranjo,8,7,aa,29,
El Naranjo,8,7,aa,58,
El Naranjo,8,7,aa,40,
El Naranjo,8,7,aa,39,8
El Naranjo,8,7,aa,33,
El Naranjo,8,7,aa,20,
El Naranjo,8,7,aa,67,
El Naranjo,8,8,aa,72,
El Naranjo,8,8,aa,44,9
El Naranjo,8,8,aa,38,
El Naranjo,8,8,aa,28,
El Naranjo,8,8,aa,23,
El Naranjo,8,8,aa,33,
El Naranjo,8,8,aa,13,
El Naranjo,8,8,aa,56,
El Naranjo,8,8,aa,47,
El Naranjo,8,8,aa,67,
El Naranjo,8,8,aa,82,
El Naranjo,8,8,aa,80,
El Naranjo,8,8,aa,78,
El Naranjo,8,8,aa,89,
El Naranjo,8,9,aa,67,
El Naranjo,8,9,aa,48,
El Naranjo,8,9,aa,44,16
El Naranjo,8,9,aa,34,
El Naranjo,8,9,aa,20,
El Naranjo,8,9,aa,27,
El Naranjo,8,9,aa,23,
El Naranjo,8,9,aa,53,
El Naranjo,8,9,aa,142,
El Naranjo,8,9,aa,112,
El Naranjo,8,9,aa,60,
El Naranjo,8,9,aa,26,
El Naranjo,8,9,aa,18,
El Naranjo,8,9,aa,34,
El Naranjo,8,10,aa,71,
El Naranjo,8,10,aa,46,
El Naranjo,8,10,aa,26,11
El Naranjo,8,10,aa,37,
El Naranjo,8,10,aa,34,
El Naranjo,8,10,aa,81,
El Naranjo,8,10,aa,112,22
El Naranjo,8,10,aa,57,
El Naranjo,8,10,aa,65,
El Naranjo,8,10,aa,45,
El Naranjo,8,10,aa,26,
El Naranjo,8,10,aa,40,
El Naranjo,8,11,aa,47,
El Naranjo,8,11,aa,47,
El Naranjo,8,11,aa,71,
El Naranjo,8,11,aa,57,
El Naranjo,8,11,aa,131,
El Naranjo,8,11,aa,57,
El Naranjo,8,11,aa,158,
El Naranjo,8,11,aa,84,18
El Naranjo,8,11,aa,100,
El Naranjo,8,11,aa,43,
El Naranjo,8,11,aa,123,
El Naranjo,8,12,aa,131,21
El Naranjo,8,12,aa,120,
El Naranjo,8,12,aa,12,3
El Naranjo,8,12,aa,48,
El Naranjo,8,12,aa,36,
El Naranjo,8,13,aa,82,
El Naranjo,8,13,aa,146,
El Naranjo,8,13,aa,84,15
El Naranjo,8,13,aa,24,
El Naranjo,8,13,aa,24,
El Naranjo,8,13,np,83,
El Naranjo,8,13,np,16,7
El Naranjo,8,14,aa,17,6
El Naranjo,8,14,aa,123,23
El Naranjo,8,14,np,9,8
El Naranjo,8,14,np,25,
El Naranjo,8,14,np,16,
El Naranjo,8,14,np,28,15
El Naranjo,8,14,np,18,
El Naranjo,8,14,np,16,
El Naranjo,8,15,aa,161,23
El Naranjo,8,15,np,19,6
El Naranjo,8,16,aa,153,18
El Naranjo,8,16,aa,78,
El Naranjo,8,16,aa,112,
El Naranjo,8,16,aa,95,
El Naranjo,8,16,aa,100,
El Naranjo,8,16,aa,142,
El Naranjo,8,16,aa,24,7
El Naranjo,8,16,aa,59,
El Naranjo,8,17,aa,74,
El Naranjo,8,17,aa,59,
El Naranjo,8,17,aa,76,
El Naranjo,8,17,aa,65,
El Naranjo,8,17,aa,61,
El Naranjo,8,17,aa,9,
El Naranjo,8,17,aa,57,10
El Naranjo,8,18,aa,122,21
El Naranjo,8,18,aa,81,16
El Naranjo,8,19,aa,63,
El Naranjo,8,19,aa,65,
El Naranjo,8,19,aa,41,
El Naranjo,8,19,aa,39,11.5
El Naranjo,8,19,aa,61,
El Naranjo,8,19,aa,107,
El Naranjo,8,19,aa,79,
El Naranjo,8,19,aa,31,
El Naranjo,8,19,aa,33,
El Naranjo,8,19,aa,108,
El Naranjo,8,19,aa,90,
El Naranjo,8,19,aa,81,
El Naranjo,8,19,aa,118,26
El Naranjo,8,20,aa,6,1.8
El Naranjo,8,20,aa,32,
El Naranjo,8,20,aa,75,
El Naranjo,8,20,aa,50,
El Naranjo,8,20,aa,34,
El Naranjo,8,20,aa,23,
El Naranjo,8,20,aa,34,
El Naranjo,8,20,aa,67,
El Naranjo,8,20,aa,81,
El Naranjo,8,20,aa,85,
El Naranjo,8,20,aa,137,
El Naranjo,8,20,aa,56,
El Naranjo,8,20,aa,12,
El Naranjo,8,20,aa,8,
El Naranjo,8,20,aa,10,
El Naranjo,8,20,aa,119,
El Naranjo,8,20,aa,29,
El Naranjo,8,20,aa,87,
El Naranjo,8,20,aa,80,
El Naranjo,8,20,aa,104,
El Naranjo,8,20,aa,73,24
El Naranjo,8,20,aa,76,
El Naranjo,8,20,aa,112,
El Naranjo,8,21,aa,16,
El Naranjo,8,21,aa,28,
El Naranjo,8,21,aa,19,
El Naranjo,8,21,aa,91,
El Naranjo,8,21,aa,12,5
El Naranjo,8,21,aa,23,
El Naranjo,8,21,aa,76,
El Naranjo,8,21,aa,119,
El Naranjo,8,21,aa,40,
El Naranjo,8,21,aa,43,
El Naranjo,8,21,aa,51,
El Naranjo,8,21,aa,126,24
El Naranjo,8,22,aa,80,
El Naranjo,8,22,aa,54,
El Naranjo,8,22,aa,80,
El Naranjo,8,22,aa,56,
El Naranjo,8,22,aa,58,
El Naranjo,8,22,aa,26,
El Naranjo,8,22,aa,38,
El Naranjo,8,22,aa,50,13
El Naranjo,8,22,aa,62,
El Naranjo,8,22,aa,85,
El Naranjo,8,22,aa,104,
El Naranjo,8,22,aa,73,
El Naranjo,8,22,aa,108,27
El Naranjo,8,23,aa,85,
El Naranjo,8,23,aa,104,
El Naranjo,8,23,aa,67,
El Naranjo,8,23,aa,35,
El Naranjo,8,23,aa,81,
El Naranjo,8,23,aa,60,
El Naranjo,8,23,aa,59,
El Naranjo,8,23,aa,45,
El Naranjo,8,23,aa,43,
El Naranjo,8,23,aa,51,
El Naranjo,8,23,aa,73,
El Naranjo,8,23,aa,108,27
El Naranjo,8,23,aa,13,4
El Naranjo,8,23,aa,24,
El Naranjo,8,24,aa,52,
El Naranjo,8,24,aa,75,
El Naranjo,8,24,aa,84,
El Naranjo,8,24,aa,32,
El Naranjo,8,24,aa,50,
El Naranjo,8,24,aa,115,
El Naranjo,8,24,aa,164,
El Naranjo,8,24,aa,38,
El Naranjo,8,24,aa,37,
El Naranjo,8,24,aa,22,11
El Naranjo,8,24,aa,62,
El Naranjo,8,24,aa,56,
El Naranjo,8,24,aa,100,
El Naranjo,8,24,aa,83,
El Naranjo,8,24,aa,75,
El Naranjo,8,24,aa,100,
El Naranjo,8,24,aa,111,
El Naranjo,8,24,aa,42,13
El Naranjo,8,25,aa,8,3
El Naranjo,8,25,aa,9,
El Naranjo,8,25,aa,38,
El Naranjo,8,25,aa,24,
El Naranjo,8,25,aa,99,
El Naranjo,8,25,aa,66,
El Naranjo,8,25,aa,27,
El Naranjo,8,25,aa,73,
El Naranjo,8,25,aa,91,
El Naranjo,8,25,aa,120,22
El Naranjo,8,25,aa,74,
El Naranjo,8,25,aa,33,
El Naranjo,8,25,aa,49,
El Naranjo,8,25,aa,77,
El Naranjo,8,25,aa,74,
El Naranjo,8,25,aa,63,
El Naranjo,8,25,aa,49,
El Naranjo,8,25,aa,85,
El Naranjo,8,26,aa,31,
El Naranjo,8,26,aa,46,
El Naranjo,8,26,aa,64,
El Naranjo,8,26,aa,9,
El Naranjo,8,26,aa,17,
El Naranjo,8,26,aa,7,
El Naranjo,8,26,aa,7,
El Naranjo,8,26,aa,7,
El Naranjo,8,26,aa,48,
El Naranjo,8,26,aa,70,
El Naranjo,8,26,aa,43,17
El Naranjo,8,26,aa,100,
El Naranjo,8,26,aa,50,
El Naranjo,8,26,aa,48,
El Naranjo,8,26,aa,120,22
El Naranjo,8,27,aa,150,36
El Naranjo,8,27,aa,23,
El Naranjo,8,27,aa,36,
El Naranjo,8,27,aa,42,
El Naranjo,8,27,aa,22,
El Naranjo,8,27,aa,11,6
El Naranjo,8,27,aa,15,
El Naranjo,8,27,aa,47,
El Naranjo,8,27,aa,32,
El Naranjo,8,27,aa,52,
El Naranjo,8,27,aa,124,
El Naranjo,8,27,aa,45,
El Naranjo,8,28,aa,70,
El Naranjo,8,28,aa,81,
El Naranjo,8,28,aa,93,
El Naranjo,8,28,aa,44,
El Naranjo,8,28,aa,51,14.5
El Naranjo,8,28,aa,55,
El Naranjo,8,28,aa,12,
El Naranjo,8,28,aa,22,
El Naranjo,8,28,aa,29,
El Naranjo,8,28,aa,11,
El Naranjo,8,28,aa,7,
El Naranjo,8,28,aa,8,
El Naranjo,8,28,aa,9,
El Naranjo,8,28,aa,13,
El Naranjo,8,28,aa,150,36
El Naranjo,8,28,aa,95,
El Naranjo,8,28,aa,67,
El Naranjo,8,28,aa,37,
El Naranjo,8,29,aa,89,
El Naranjo,8,29,aa,97,
El Naranjo,8,29,aa,86,
El Naranjo,8,29,aa,88,
El Naranjo,8,29,aa,104,
El Naranjo,8,29,aa,85,
El Naranjo,8,29,aa,79,
El Naranjo,8,29,aa,70,
El Naranjo,8,29,aa,72,
El Naranjo,8,29,aa,29,
El Naranjo,8,29,aa,26,5
El Naranjo,8,29,aa,76,
El Naranjo,8,29,aa,41,
El Naranjo,8,29,aa,129,26
El Naranjo,8,29,aa,50,
El Naranjo,8,29,aa,110,
El Naranjo,8,30,aa,73,
El Naranjo,8,30,aa,89,
El Naranjo,8,30,aa,54,
El Naranjo,8,30,aa,88,
El Naranjo,8,30,aa,66,
El Naranjo,8,30,aa,13,
El Naranjo,8,30,aa,56,
El Naranjo,8,30,aa,78,
El Naranjo,8,30,aa,59,
El Naranjo,8,30,aa,37,
El Naranjo,8,30,aa,125,
El Naranjo,8,30,aa,87,
El Naranjo,8,30,aa,65,
El Naranjo,8,30,aa,77,
El Naranjo,8,30,aa,92,
El Naranjo,8,30,aa,136,
El Naranjo,8,30,aa,86,
El Naranjo,8,30,aa,108,
El Naranjo,8,30,aa,134,
El Naranjo,8,30,aa,83,22
El Naranjo,8,31,aa,62,
El Naranjo,8,31,aa,76,
El Naranjo,8,31,aa,39,
El Naranjo,8,31,aa,41,
El Naranjo,8,31,aa,13,3.5
El Naranjo,8,31,aa,43,
El Naranjo,8,31,aa,35,
El Naranjo,8,31,aa,41,
El Naranjo,8,31,aa,134,30
El Naranjo,8,31,aa,16,
El Naranjo,8,31,aa,16,
El Naranjo,8,31,aa,54,
El Naranjo,8,31,aa,23,
El Naranjo,8,31,aa,53,
El Naranjo,8,31,aa,105,
El Naranjo,8,32,aa,18,
El Naranjo,8,32,aa,16,
El Naranjo,8,32,aa,35,
El Naranjo,8,32,aa,21,
El Naranjo,8,32,aa,105,
El Naranjo,8,32,aa,63,
El Naranjo,8,32,aa,60,
El Naranjo,8,32,aa,56,
El Naranjo,8,32,aa,64,
El Naranjo,8,32,aa,65,
El Naranjo,8,32,aa,81,
El Naranjo,8,32,aa,83,22
El Naranjo,8,32,aa,100,
El Naranjo,8,32,aa,100,
El Naranjo,8,32,aa,133,
El Naranjo,8,32,aa,70,
El Naranjo,8,32,aa,39,
El Naranjo,8,32,aa,89,
El Naranjo,8,33,aa,85,
El Naranjo,8,33,aa,105,
El Naranjo,8,33,aa,25,
El Naranjo,8,33,aa,32,
El Naranjo,8,33,aa,66,
El Naranjo,8,33,aa,98,
El Naranjo,8,33,aa,107,
El Naranjo,8,33,aa,28,
El Naranjo,8,33,aa,44,
El Naranjo,8,33,aa,29,
El Naranjo,8,33,aa,52,
El Naranjo,8,33,aa,31,
El Naranjo,8,33,aa,41,
El Naranjo,8,33,aa,50,
El Naranjo,8,33,aa,48,
El Naranjo,8,33,aa,25,
El Naranjo,8,33,aa,22,15
El Naranjo,8,33,aa,41,
El Naranjo,8,33,aa,38,
El Naranjo,8,33,aa,47,
El Naranjo,8,33,aa,49,
El Naranjo,8,33,aa,150,36
El Naranjo,8,34,aa,87,22
El Naranjo,8,34,aa,50,
El Naranjo,8,34,aa,62,
El Naranjo,8,34,aa,83,
El Naranjo,8,34,aa,90,
El Naranjo,8,34,aa,150,36
El Naranjo,8,34,aa,86,
El Naranjo,8,34,aa,81,
El Naranjo,8,34,aa,41,
El Naranjo,8,34,aa,66,
El Naranjo,8,34,aa,31,
El Naranjo,8,35,aa,83,36
El Naranjo,8,35,aa,56,
El Naranjo,8,35,aa,43,
El Naranjo,8,35,aa,76,
El Naranjo,8,35,aa,69,
El Naranjo,8,35,aa,41,13.5
El Naranjo,8,35,aa,71,
El Naranjo,8,35,aa,52,
El Naranjo,8,35,aa,48,
El Naranjo,8,36,aa,63,11
El Naranjo,8,36,aa,61,
El Naranjo,8,36,aa,89,
El Naranjo,8,36,aa,80,
El Naranjo,8,36,aa,94,
El Naranjo,8,36,aa,55,
El Naranjo,9,1,aa,77,
El Naranjo,9,1,aa,84,
El Naranjo,9,1,aa,80,22
El Naranjo,9,1,np,34,16
El Naranjo,9,1,np,41,
El Naranjo,9,1,np,32,
El Naranjo,9,2,aa,176,25
El Naranjo,9,2,np,9,3
El Naranjo,9,3,aa,44,
El Naranjo,9,3,aa,42,
El Naranjo,9,3,aa,77,13
El Naranjo,9,3,aa,43,
El Naranjo,9,3,aa,176,
El Naranjo,9,3,aa,92,
El Naranjo,9,3,aa,12,
El Naranjo,9,3,aa,28,
El Naranjo,9,3,np,128,
El Naranjo,9,3,np,22,
El Naranjo,9,3,np,15,
El Naranjo,9,3,np,20,
El Naranjo,9,4,aa,75,10
El Naranjo,9,4,np,123,18
El Naranjo,9,4,np,108,
El Naranjo,9,4,np,40,12.5
El Naranjo,9,4,np,49,
El Naranjo,9,4,np,37,
El Naranjo,9,4,np,146,
El Naranjo,9,5,aa,53,
El Naranjo,9,5,aa,76,
El Naranjo,9,5,aa,38,
El Naranjo,9,5,aa,24,
El Naranjo,9,5,aa,40,
El Naranjo,9,5,aa,43,16
El Naranjo,9,5,aa,39,
El Naranjo,9,5,aa,54,
El Naranjo,9,5,aa,93,
El Naranjo,9,5,aa,40,
El Naranjo,9,5,aa,40,
El Naranjo,9,5,aa,50,
El Naranjo,9,5,np,47,25
El Naranjo,9,6,aa,92,
El Naranjo,9,6,aa,64,12
El Naranjo,9,6,aa,143,20
El Naranjo,9,6,aa,72,
El Naranjo,9,6,aa,69,
El Naranjo,9,6,np,35,12
El Naranjo,9,6,np,41,13
El Naranjo,9,7,aa,52,
El Naranjo,9,7,aa,61,16
El Naranjo,9,7,aa,69,
El Naranjo,9,7,np,59,14
El Naranjo,9,8,aa,83,22
El Naranjo,9,8,np,41,19
El Naranjo,9,8,np,35,18
El Naranjo,9,8,np,38,
El Naranjo,9,8,np,37,
El Naranjo,9,9,aa,30,
El Naranjo,9,9,aa,35,
El Naranjo,9,9,aa,61,
El Naranjo,9,9,aa,72,
El Naranjo,9,9,aa,34,
El Naranjo,9,9,aa,73,
El Naranjo,9,9,aa,61,14
El Naranjo,9,9,aa,58,
El Naranjo,9,9,aa,90,
El Naranjo,9,9,np,42,11
El Naranjo,9,10,aa,41,
El Naranjo,9,10,aa,138,26
El Naranjo,9,10,aa,22,5
El Naranjo,9,10,aa,24,
El Naranjo,9,10,aa,54,
El Naranjo,9,10,aa,79,
El Naranjo,9,10,np,37,
El Naranjo,9,10,np,50,14
El Naranjo,9,10,np,15,8
El Naranjo,9,10,np,45,
El Naranjo,9,11,aa,71,
El Naranjo,9,11,aa,99,
El Naranjo,9,11,aa,57,
El Naranjo,9,11,aa,91,
El Naranjo,9,11,aa,37,
El Naranjo,9,11,aa,83,
El Naranjo,9,11,np,16,
El Naranjo,9,12,aa,35,
El Naranjo,9,12,aa,25,
El Naranjo,9,12,aa,48,13
El Naranjo,9,12,aa,28,
El Naranjo,9,12,aa,39,
El Naranjo,9,12,aa,27,
El Naranjo,9,12,aa,52,
El Naranjo,9,12,aa,17,3
El Naranjo,9,12,np,40,
El Naranjo,9,12,np,45,16
El Naranjo,9,12,np,28,10
El Naranjo,9,13,aa,103,
El Naranjo,9,13,aa,34,
El Naranjo,9,13,aa,34,
El Naranjo,9,13,aa,58,
El Naranjo,9,13,aa,64,
El Naranjo,9,13,aa,116,
El Naranjo,9,13,aa,50,
El Naranjo,9,13,aa,43,
El Naranjo,9,13,aa,60,
El Naranjo,9,13,aa,50,
El Naranjo,9,13,aa,61,
El Naranjo,9,13,aa,47,
El Naranjo,9,13,aa,39,
El Naranjo,9,13,aa,61,
El Naranjo,9,13,aa,48,18
El Naranjo,9,13,aa,26,
El Naranjo,9,14,aa,61,
El Naranjo,9,14,aa,49,
El Naranjo,9,14,aa,45,12
El Naranjo,9,14,aa,69,
El Naranjo,9,14,aa,94,21
El Naranjo,9,14,np,19,6
El Naranjo,9,14,np,9,
El Naranjo,9,14,np,13,
El Naranjo,9,14,np,4,4
El Naranjo,9,14,np,12,5
El Naranjo,9,15,aa,61,7
El Naranjo,9,15,aa,51,
El Naranjo,9,15,aa,181,
El Naranjo,9,15,aa,75,
El Naranjo,9,15,np,35,
El Naranjo,9,15,np,22,11
El Naranjo,9,16,aa,44,12
El Naranjo,9,16,aa,61,
El Naranjo,9,16,aa,71,
El Naranjo,9,16,aa,67,
El Naranjo,9,16,aa,133,18
El Naranjo,9,17,aa,91,20
El Naranjo,9,17,aa,78,
El Naranjo,9,17,aa,56,
El Naranjo,9,17,aa,46,14
El Naranjo,9,17,aa,60,
El Naranjo,9,17,aa,79,
El Naranjo,9,17,aa,72,
El Naranjo,9,17,np,50,10
El Naranjo,9,17,np,41,
El Naranjo,9,17,np,36,
El Naranjo,9,17,np,86,18
El Naranjo,9,18,aa,87.5,
El Naranjo,9,18,aa,97,
El Naranjo,9,18,aa,113,
El Naranjo,9,18,aa,73.5,
El Naranjo,9,18,aa,51.5,
El Naranjo,9,18,aa,34,
El Naranjo,9,18,aa,49,
El Naranjo,9,18,aa,54.5,
El Naranjo,9,18,aa,61.5,21
El Naranjo,9,18,np,72.5,18
El Naranjo,9,18,np,57,
El Naranjo,9,18,np,73,
El Naranjo,9,19,aa,55,
El Naranjo,9,19,aa,26,5.5
El Naranjo,9,19,aa,37,
El Naranjo,9,19,aa,85,
El Naranjo,9,19,aa,56,
El Naranjo,9,19,aa,52,
El Naranjo,9,19,aa,57,
El Naranjo,9,19,aa,74.5,
El Naranjo,9,19,aa,41,
El Naranjo,9,19,aa,66,
El Naranjo,9,19,aa,74,
El Naranjo,9,19,aa,80,22
El Naranjo,9,19,np,9,
El Naranjo,9,19,np,11,
El Naranjo,9,19,np,19,
El Naranjo,9,19,np,22,11
El Naranjo,9,19,np,16,
El Naranjo,9,19,np,15,
El Naranjo,9,19,np,16,
El Naranjo,9,20,aa,89,
El Naranjo,9,20,aa,34,
El Naranjo,9,20,aa,65,24
El Naranjo,9,20,aa,52,
El Naranjo,9,20,aa,124,
El Naranjo,9,20,aa,154,
El Naranjo,9,20,aa,75,
El Naranjo,9,20,np,12,
El Naranjo,9,20,np,41,
El Naranjo,9,20,np,23.5,
El Naranjo,9,20,np,55,
El Naranjo,9,20,np,6.5,
El Naranjo,9,20,np,15.5,
El Naranjo,9,20,np,77,
El Naranjo,9,20,np,82,
El Naranjo,9,20,np,13,
El Naranjo,9,20,np,14.5,
El Naranjo,9,20,np,152,29
El Naranjo,9,20,np,83,
El Naranjo,9,20,np,31,
El Naranjo,9,20,np,56,
El Naranjo,9,20,np,41,15
El Naranjo,9,21,np,39,
El Naranjo,9,21,np,41,
El Naranjo,9,21,np,108,
El Naranjo,9,21,np,67,
El Naranjo,9,21,np,100,23
El Naranjo,9,21,np,34,
El Naranjo,9,21,np,110,
El Naranjo,9,21,np,89,
El Naranjo,9,21,np,35,
El Naranjo,9,21,np,10,
El Naranjo,9,21,np,31,
El Naranjo,9,21,np,35,
El Naranjo,9,21,np,14,
El Naranjo,9,21,np,65,
El Naranjo,9,21,np,100,23
El Naranjo,9,21,np,93,18
El Naranjo,9,21,np,34,
El Naranjo,9,21,np,33,
El Naranjo,9,21,np,19,
El Naranjo,9,21,np,36,
El Naranjo,9,21,np,18.5,
El Naranjo,9,21,np,36,
El Naranjo,9,21,np,37,
El Naranjo,9,21,np,27.5,
El Naranjo,9,21,np,108,
El Naranjo,9,21,np,123,
El Naranjo,9,21,np,58,
El Naranjo,9,21,np,82,
El Naranjo,9,21,np,63.5,
El Naranjo,9,22,aa,89,
El Naranjo,9,22,np,39,
El Naranjo,9,22,np,41,
El Naranjo,9,22,np,108,
El Naranjo,9,22,np,67,
El Naranjo,9,22,np,100,23
El Naranjo,9,22,np,34,
El Naranjo,9,22,np,110,
El Naranjo,9,23,aa,73,20
El Naranjo,9,23,aa,87,
El Naranjo,9,23,aa,72.5,
El Naranjo,9,23,np,76,17
El Naranjo,9,23,np,105,
El Naranjo,9,23,np,61,
El Naranjo,9,23,np,55,
El Naranjo,9,23,np,31,
El Naranjo,9,23,np,38,
El Naranjo,9,24,aa,76,27
El Naranjo,9,24,aa,64,
El Naranjo,9,24,aa,75,
El Naranjo,9,24,aa,100,
El Naranjo,9,24,aa,82,
El Naranjo,9,24,aa,58,
El Naranjo,9,24,aa,47,
El Naranjo,9,24,aa,31,13
El Naranjo,9,24,np,74,
El Naranjo,9,24,np,78,17
El Naranjo,9,25,aa,17,
El Naranjo,9,25,aa,52,
El Naranjo,9,25,aa,13,8
El Naranjo,9,25,aa,27.5,
El Naranjo,9,25,aa,18,
El Naranjo,9,25,aa,20,
El Naranjo,9,25,aa,76,
El Naranjo,9,25,aa,60,
El Naranjo,9,25,aa,66,
El Naranjo,9,25,aa,48.5,
El Naranjo,9,25,aa,134,26
El Naranjo,9,25,aa,70,
El Naranjo,9,25,aa,66,
El Naranjo,9,25,aa,118,
El Naranjo,9,25,aa,53,
El Naranjo,9,25,aa,31,
El Naranjo,9,25,aa,33,
El Naranjo,9,25,aa,19.5,
El Naranjo,9,25,np,115,19
El Naranjo,9,26,aa,45.5,
El Naranjo,9,26,aa,103,19
El Naranjo,9,26,aa,62,16
El Naranjo,9,26,aa,72.5,
El Naranjo,9,26,aa,40,
El Naranjo,9,26,aa,44.5,
El Naranjo,9,26,aa,62,
El Naranjo,9,26,aa,51,
El Naranjo,9,26,aa,69,
El Naranjo,9,26,aa,134,26
El Naranjo,9,26,np,32,
El Naranjo,9,26,np,35,
El Naranjo,9,26,np,44.5,
El Naranjo,9,26,np,53,
El Naranjo,9,26,np,39,
El Naranjo,9,26,np,115,19
El Naranjo,9,27,aa,62,11
El Naranjo,9,27,aa,80,
El Naranjo,9,27,aa,62.5,
El Naranjo,9,27,aa,81,
El Naranjo,9,27,aa,18,
El Naranjo,9,27,aa,46,
El Naranjo,9,27,aa,100,
El Naranjo,9,27,aa,86,
El Naranjo,9,27,aa,88,
El Naranjo,9,27,aa,51,
El Naranjo,9,27,aa,76,
El Naranjo,9,27,aa,101,
El Naranjo,9,27,aa,84.5,
El Naranjo,9,27,aa,52.5,
El Naranjo,9,27,np,102,24
El Naranjo,9,27,np,100,
El Naranjo,9,27,np,23,
El Naranjo,10,1,aa,159,17
El Naranjo,10,1,np,62,
El Naranjo,10,1,np,63,14
El Naranjo,10,2,aa,70,9
El Naranjo,10,2,np,83,
El Naranjo,10,2,np,75,
El Naranjo,10,2,np,63,13
El Naranjo,10,3,aa,115,
El Naranjo,10,3,np,68,
El Naranjo,10,3,np,73,18
El Naranjo,10,3,np,68,
El Naranjo,10,3,np,75,
El Naranjo,10,4,aa,69,
El Naranjo,10,4,aa,142,
El Naranjo,10,4,aa,73,
El Naranjo,10,4,aa,68,
El Naranjo,10,4,aa,185,32
El Naranjo,10,4,aa,80,
El Naranjo,10,4,aa,125,
El Naranjo,10,4,aa,62,14
El Naranjo,10,4,aa,137,
El Naranjo,10,4,aa,120,
El Naranjo,10,5,aa,22,
El Naranjo,10,5,aa,65,
El Naranjo,10,5,aa,87,
El Naranjo,10,5,aa,97,23
El Naranjo,10,5,aa,6,
El Naranjo,10,5,aa,129,
El Naranjo,10,5,aa,115,
El Naranjo,10,5,aa,107,
El Naranjo,10,5,aa,191,
El Naranjo,10,6,aa,59,14
El Naranjo,10,6,aa,76,
El Naranjo,10,6,aa,60,
El Naranjo,10,6,aa,74,
El Naranjo,10,6,aa,100,37
El Naranjo,10,6,np,87,
El Naranjo,10,6,np,131,25
El Naranjo,10,6,np,83,
El Naranjo,10,6,np,76,
El Naranjo,10,6,np,76,21
El Naranjo,10,7,aa,89,
El Naranjo,10,7,aa,84,15
El Naranjo,10,7,aa,180,
El Naranjo,10,7,aa,90,10
El Naranjo,10,7,aa,64,
El Naranjo,10,7,aa,68,
El Naranjo,10,7,aa,78,
El Naranjo,10,7,aa,150,
El Naranjo,10,7,aa,95,
El Naranjo,10,8,aa,100,12
El Naranjo,10,8,aa,83,
El Naranjo,10,8,aa,96,
El Naranjo,10,8,aa,89,
El Naranjo,10,8,aa,68,13
El Naranjo,10,8,np,180,29
El Naranjo,10,9,aa,132,
El Naranjo,10,9,aa,140,20
El Naranjo,10,9,np,120,22
El Naranjo,10,9,np,71,
El Naranjo,10,9,np,135,
El Naranjo,10,10,aa,154,21
El Naranjo,10,10,np,90,15
El Naranjo,10,10,np,158,18
El Naranjo,10,11,aa,38,
El Naranjo,10,11,aa,66,
El Naranjo,10,11,aa,64,9
El Naranjo,10,11,aa,56,
El Naranjo,10,11,np,64,13
El Naranjo,10,11,np,122,
El Naranjo,10,12,aa,112,23
El Naranjo,10,12,aa,51,14
El Naranjo,10,12,aa,11,
El Naranjo,10,12,np,82,
El Naranjo,10,12,np,74,
El Naranjo,10,12,np,64,11
El Naranjo,10,12,np,110,15
El Naranjo,10,13,aa,99,
El Naranjo,10,13,aa,97,
El Naranjo,10,13,aa,75,16
El Naranjo,10,13,aa,98,
El Naranjo,10,13,aa,59,
El Naranjo,10,13,aa,67,
El Naranjo,10,13,np,52,
El Naranjo,10,13,np,51,16
El Naranjo,10,14,aa,72,
El Naranjo,10,14,aa,50,
El Naranjo,10,14,aa,151,
El Naranjo,10,14,aa,60,
El Naranjo,10,14,aa,73,
El Naranjo,10,14,aa,91,
El Naranjo,10,14,aa,171,
El Naranjo,10,15,aa,84,
El Naranjo,10,15,aa,53,15
El Naranjo,10,15,aa,92,21.5
El Naranjo,10,15,aa,151,31
El Naranjo,10,15,aa,62,
El Naranjo,10,15,aa,63,
El Naranjo,10,15,aa,61,
El Naranjo,10,15,np,75,
El Naranjo,10,16,aa,87,
El Naranjo,10,16,aa,79,23
El Naranjo,10,16,aa,132,25
El Naranjo,10,16,aa,96,
El Naranjo,10,16,aa,100,
El Naranjo,10,16,aa,115,
El Naranjo,10,16,aa,85,
El Naranjo,10,16,aa,97,
El Naranjo,10,16,aa,99,
El Naranjo,10,16,np,91,24
El Naranjo,10,16,np,75,18
El Naranjo,10,17,aa,98,
El Naranjo,10,17,aa,61,
El Naranjo,10,17,aa,99,
El Naranjo,10,17,aa,105,
El Naranjo,10,17,aa,153,
El Naranjo,10,17,aa,86,25
El Naranjo,10,17,aa,104,
El Naranjo,10,17,np,68,
El Naranjo,10,17,np,93,
El Naranjo,10,17,np,90,
El Naranjo,10,17,np,74,
El Naranjo,10,17,np,51,
El Naranjo,10,17,np,78,
El Naranjo,10,17,np,71,24
El Naranjo,10,18,aa,135,
El Naranjo,10,18,aa,150,
El Naranjo,10,18,aa,153,26
El Naranjo,10,18,aa,27,
El Naranjo,10,18,aa,98,6
El Naranjo,10,18,np,64,
El Naranjo,10,18,np,30,6
El Naranjo,10,18,np,78,22
El Naranjo,10,19,aa,102,20
El Naranjo,10,19,aa,138,
El Naranjo,10,19,aa,120,
El Naranjo,10,19,np,84,15
El Naranjo,10,19,np,69,
El Naranjo,10,19,np,65.5,
El Naranjo,10,19,np,98.5,
El Naranjo,10,19,np,76.5,
El Naranjo,10,20,aa,117,23
El Naranjo,10,20,aa,99,
El Naranjo,10,20,aa,81,21.5
El Naranjo,10,20,aa,94,
El Naranjo,10,20,aa,114,
El Naranjo,10,20,np,57,12
El Naranjo,10,20,np,51,
El Naranjo,10,21,aa,60,
El Naranjo,10,21,aa,41,
El Naranjo,10,21,aa,65,
El Naranjo,10,21,aa,101,
El Naranjo,10,21,aa,115,
El Naranjo,10,21,aa,100,
El Naranjo,10,21,aa,147,
El Naranjo,10,21,aa,54,
El Naranjo,10,21,aa,38.5,
El Naranjo,10,21,aa,36,
El Naranjo,10,21,aa,50,14
El Naranjo,10,21,aa,27,
El Naranjo,10,21,aa,160,31
El Naranjo,10,21,aa,55,
El Naranjo,10,21,aa,121,
El Naranjo,10,21,aa,11.5,
El Naranjo,10,21,aa,132,
El Naranjo,10,21,aa,140,
El Naranjo,10,21,np,74,
El Naranjo,10,22,aa,141,24
El Naranjo,10,22,aa,100,
El Naranjo,10,22,aa,104,
El Naranjo,10,22,aa,118,
El Naranjo,10,22,aa,114,
El Naranjo,10,22,aa,136,
El Naranjo,10,22,aa,77.5,23
El Naranjo,10,23,aa,117,
El Naranjo,10,23,aa,108,
El Naranjo,10,23,aa,87,
El Naranjo,10,23,aa,102,
El Naranjo,10,23,aa,55,
El Naranjo,10,23,aa,94,
El Naranjo,10,23,aa,100,
El Naranjo,10,23,aa,65,
El Naranjo,10,23,aa,15,
El Naranjo,10,23,aa,148,33
El Naranjo,10,23,np,41,14
El Naranjo,10,23,np,23,
El Naranjo,10,24,np,87,25
El Naranjo,10,24,np,62,13.5
El Naranjo,10,24,np,77,20
El Naranjo,10,25,aa,104,
El Naranjo,10,25,aa,111,
El Naranjo,10,25,aa,94.5,
El Naranjo,10,25,aa,90,
El Naranjo,10,25,aa,107,
El Naranjo,10,25,aa,13.5,
El Naranjo,10,25,aa,11.5,
El Naranjo,10,25,aa,11.5,
El Naranjo,10,25,np,120,
El Naranjo,10,25,np,86,
El Naranjo,10,25,np,78,
El Naranjo,10,25,np,71,
El Naranjo,10,25,np,100,
El Naranjo,11,1,np,64,17
El Naranjo,11,1,np,96,
El Naranjo,11,1,np,69,
El Naranjo,11,1,np,27,
El Naranjo,11,2,aa,95,36
El Naranjo,11,2,np,73,
El Naranjo,11,2,np,79,21
El Naranjo,11,2,np,69,19
El Naranjo,11,2,np,70,
El Naranjo,11,3,aa,134,
El Naranjo,11,3,aa,100,
El Naranjo,11,3,aa,103,25
El Naranjo,11,3,np,99,
El Naranjo,11,3,np,49,18
El Naranjo,11,4,aa,97,19
El Naranjo,11,4,aa,85,
El Naranjo,11,4,aa,84,
El Naranjo,11,4,aa,49,
El Naranjo,11,4,aa,9,3
El Naranjo,11,4,aa,11,
El Naranjo,11,4,np,69,
El Naranjo,11,4,np,50,20
El Naranjo,11,4,np,80,16
El Naranjo,11,5,aa,191,
El Naranjo,11,5,aa,31,
El Naranjo,11,5,aa,131,28
El Naranjo,11,5,np,84,
El Naranjo,11,5,np,56,
El Naranjo,11,5,np,81,14
El Naranjo,11,6,aa,58,
El Naranjo,11,6,aa,31,9
El Naranjo,11,6,aa,43,
El Naranjo,11,6,aa,64,13
El Naranjo,11,6,aa,36,
El Naranjo,11,6,aa,39,
El Naranjo,11,6,aa,54,
El Naranjo,11,6,np,53,16
El Naranjo,11,6,np,71,
El Naranjo,11,6,np,74,
El Naranjo,11,6,np,87,20
El Naranjo,11,7,aa,86,
El Naranjo,11,7,aa,75,
El Naranjo,11,7,aa,54,
El Naranjo,11,7,aa,85,
El Naranjo,11,7,aa,80,22
El Naranjo,11,7,aa,64,
El Naranjo,11,7,aa,98,
El Naranjo,11,7,np,83,
El Naranjo,11,7,np,84,18
El Naranjo,11,8,aa,52,12
El Naranjo,11,8,aa,97,23
El Naranjo,11,8,aa,82,
El Naranjo,11,8,aa,82,
El Naranjo,11,8,np,71,15
El Naranjo,11,8,np,64,13
El Naranjo,11,9,aa,74,
El Naranjo,11,9,aa,83,
El Naranjo,11,9,aa,100,
El Naranjo,11,9,aa,35,
El Naranjo,11,9,aa,79,
El Naranjo,11,9,aa,85,
El Naranjo,11,9,aa,80,19
El Naranjo,11,9,aa,67,
El Naranjo,11,9,aa,64,
El Naranjo,11,9,aa,89,
El Naranjo,11,9,np,69,
El Naranjo,11,9,np,66,20
El Naranjo,11,10,aa,100,28
El Naranjo,11,10,aa,92,20
El Naranjo,11,10,np,134,24
El Naranjo,11,10,np,26,8
El Naranjo,11,10,np,58,
El Naranjo,11,10,np,80,
El Naranjo,11,10,np,68,
El Naranjo,11,10,np,124,
El Naranjo,11,11,aa,70,
El Naranjo,11,11,aa,90,11
El Naranjo,11,11,np,104,
El Naranjo,11,11,np,59,18
El Naranjo,11,12,aa,74,
El Naranjo,11,12,aa,44,13
El Naranjo,11,12,aa,74,
El Naranjo,11,12,aa,87,
El Naranjo,11,12,aa,70,
El Naranjo,11,12,aa,80,
El Naranjo,11,12,aa,90,18
El Naranjo,11,12,np,100,20
El Naranjo,11,12,np,93,
El Naranjo,11,12,np,91,
El Naranjo,11,12,np,85,
El Naranjo,11,12,np,76,22
El Naranjo,11,13,aa,129,20
El Naranjo,11,13,np,88,
El Naranjo,11,13,np,90,13
El Naranjo,11,14,aa,120,18
El Naranjo,11,14,aa,31,6
El Naranjo,11,14,np,84,17
El Naranjo,11,15,np,100,20
El Naranjo,11,16,aa,98,25
El Naranjo,11,16,np,122,
El Naranjo,11,16,np,57,
El Naranjo,11,16,np,57,
El Naranjo,11,16,np,55,
El Naranjo,11,16,np,23,
El Naranjo,11,16,np,80,18
El Naranjo,11,16,np,19,8
El Naranjo,11,16,np,25,
El Naranjo,11,16,np,24,
El Naranjo,11,16,np,73,
El Naranjo,11,16,np,54,
El Naranjo,11,17,aa,78,21
El Naranjo,11,17,aa,86,
El Naranjo,11,17,aa,91.5,
El Naranjo,11,17,aa,75.5,
El Naranjo,11,17,np,64,20
El Naranjo,11,17,np,110,
El Naranjo,11,17,np,49.5,
El Naranjo,11,18,np,86.5,
El Naranjo,11,18,np,81,
El Naranjo,11,18,np,107,
El Naranjo,11,18,np,112,24.5
El Naranjo,11,18,np,29.5,
El Naranjo,11,18,np,55,
El Naranjo,11,18,np,23,15.5
El Naranjo,11,18,np,36,
El Naranjo,11,18,np,38.5,
El Naranjo,11,19,aa,59,14.5
El Naranjo,11,19,np,97,24
El Naranjo,11,19,np,76,22
El Naranjo,11,19,np,112,24.5
El Naranjo,11,19,np,107,
El Naranjo,11,20,aa,94,
El Naranjo,11,20,aa,111,
El Naranjo,11,20,aa,90,
El Naranjo,11,20,aa,88,
El Naranjo,11,20,aa,131,18
El Naranjo,11,20,aa,26,7.5
El Naranjo,11,20,np,72,23
El Naranjo,11,20,np,74,
El Naranjo,11,20,np,99,
El Naranjo,11,20,np,84,14
El Naranjo,11,21,aa,97,
El Naranjo,11,21,aa,11,
El Naranjo,11,21,aa,10,
El Naranjo,11,21,np,98,
El Naranjo,11,21,np,31,
El Naranjo,11,21,np,39,
El Naranjo,11,22,aa,57,21
El Naranjo,11,22,aa,73,
El Naranjo,11,22,aa,75,
El Naranjo,11,22,aa,137,27
El Naranjo,11,22,aa,101,
El Naranjo,11,22,np,94,22
El Naranjo,11,23,aa,86,18
El Naranjo,11,23,aa,84,
El Naranjo,11,23,aa,146,30
El Naranjo,11,23,aa,94,
El Naranjo,11,23,aa,52,
El Naranjo,11,23,aa,53,
El Naranjo,11,24,aa,146,30
El Naranjo,11,24,aa,99,
El Naranjo,11,24,aa,78,15
El Naranjo,11,24,aa,70,
El Naranjo,11,24,np,130,19
El Naranjo,11,24,np,79,
El Naranjo,11,24,np,56,
El Naranjo,11,24,np,69,
El Naranjo,11,24,np,38,14.5
El Naranjo,11,25,np,107,25
El Naranjo,11,25,np,81,15.5
El Naranjo,11,25,np,56,18.5
El Naranjo,12,1,aa,64,
El Naranjo,12,1,aa,73,18
El Naranjo,12,1,aa,112,
El Naranjo,12,1,aa,100,
El Naranjo,12,1,np,52,20
El Naranjo,12,2,aa,57,
El Naranjo,12,2,aa,53,15
El Naranjo,12,2,aa,57,
El Naranjo,12,2,aa,59,
El Naranjo,12,2,aa,72,
El Naranjo,12,2,aa,74,20
El Naranjo,12,2,np,44,12
El Naranjo,12,2,np,78,14
El Naranjo,12,3,aa,28,
El Naranjo,12,3,aa,74,19
El Naranjo,12,3,aa,77,
El Naranjo,12,3,aa,79,
El Naranjo,12,3,aa,56,
El Naranjo,12,3,np,29,11
El Naranjo,12,4,aa,70,
El Naranjo,12,4,aa,44,
El Naranjo,12,4,aa,68,
El Naranjo,12,4,aa,42,11
El Naranjo,12,4,aa,85,19
El Naranjo,12,4,aa,54,
El Naranjo,12,4,np,61,9
El Naranjo,12,5,np,123,16
El Naranjo,12,6,aa,238,35
El Naranjo,12,6,aa,172,
El Naranjo,12,6,aa,64,5
El Naranjo,12,6,aa,107,
El Naranjo,12,6,aa,27,9
El Naranjo,12,7,aa,84,
El Naranjo,12,7,aa,92,19
El Naranjo,12,7,aa,91,
El Naranjo,12,7,aa,172,
El Naranjo,12,7,np,102,16
El Naranjo,12,8,aa,93,24
El Naranjo,12,8,aa,82,20
El Naranjo,12,8,np,62,15
El Naranjo,12,8,np,80,
El Naranjo,12,8,np,88,
El Naranjo,12,8,np,68,
El Naranjo,12,8,np,86,
El Naranjo,12,8,np,106,17
El Naranjo,12,9,aa,86,16
El Naranjo,12,9,aa,100,
El Naranjo,12,9,np,54,
El Naranjo,12,9,np,66,
El Naranjo,12,9,np,58,11
El Naranjo,12,9,np,50,
El Naranjo,12,9,np,106,
El Naranjo,12,10,aa,84,
El Naranjo,12,10,aa,75,
El Naranjo,12,10,aa,61,
El Naranjo,12,10,aa,82,18
El Naranjo,12,10,aa,54,
El Naranjo,12,10,aa,40,12
El Naranjo,12,10,np,52,
El Naranjo,12,10,np,100,17
El Naranjo,12,10,np,84,
El Naranjo,12,10,np,48,11
El Naranjo,12,11,aa,82,21
El Naranjo,12,11,aa,84,
El Naranjo,12,11,aa,72,
El Naranjo,12,11,aa,80,
El Naranjo,12,11,aa,94,
El Naranjo,12,11,np,27,9
El Naranjo,12,12,aa,68,
El Naranjo,12,12,aa,28,6
El Naranjo,12,12,aa,92,
El Naranjo,12,12,aa,59,
El Naranjo,12,12,aa,114,25
El Naranjo,12,12,np,61,14
El Naranjo,12,12,np,60,11
El Naranjo,12,13,np,58,
El Naranjo,12,13,np,75,
El Naranjo,12,13,np,67,17
El Naranjo,12,13,np,88,
El Naranjo,12,14,aa,78,18
El Naranjo,12,14,aa,80,
El Naranjo,12,14,aa,83,17
El Naranjo,12,14,aa,78,
El Naranjo,12,14,np,73,16
El Naranjo,12,15,aa,140,
El Naranjo,12,15,aa,52,
El Naranjo,12,15,aa,94,14
El Naranjo,12,15,np,60,12
El Naranjo,12,16,aa,52,
El Naranjo,12,16,aa,65,
El Naranjo,12,16,aa,104,
El Naranjo,12,16,aa,38,
El Naranjo,12,16,aa,47,
El Naranjo,12,16,aa,31,
El Naranjo,12,16,aa,44,
El Naranjo,12,16,aa,106,
El Naranjo,12,16,aa,77,
El Naranjo,12,16,aa,42,
El Naranjo,12,16,aa,38,
El Naranjo,12,16,aa,124,29
El Naranjo,12,16,aa,73,
El Naranjo,12,16,aa,53,
El Naranjo,12,16,aa,83,
El Naranjo,12,16,aa,40,
El Naranjo,12,16,aa,53,
El Naranjo,12,16,aa,32,
El Naranjo,12,16,aa,18,8.5
El Naranjo,12,16,aa,24,
El Naranjo,12,16,aa,33,
El Naranjo,12,16,np,67,15
El Naranjo,12,17,aa,65,
El Naranjo,12,17,aa,80,
El Naranjo,12,17,aa,65,
El Naranjo,12,17,aa,73.5,20.5
El Naranjo,12,17,aa,78,
El Naranjo,12,17,aa,103,
El Naranjo,12,18,aa,93,
El Naranjo,12,18,aa,78,27
El Naranjo,12,18,aa,47,10
El Naranjo,12,18,aa,76,
El Naranjo,12,18,aa,79,
El Naranjo,12,18,aa,72,
El Naranjo,12,18,aa,57,
El Naranjo,12,19,aa,61,
El Naranjo,12,19,aa,67,
El Naranjo,12,19,aa,91,27
El Naranjo,12,19,aa,94,
El Naranjo,12,20,aa,62,
El Naranjo,12,20,aa,82,
El Naranjo,12,20,aa,74,19
El Naranjo,12,20,np,113,20
El Naranjo,12,20,np,34,
El Naranjo,12,20,np,18,8
El Naranjo,12,20,np,19,
El Naranjo,12,20,np,23,
El Naranjo,12,20,np,48,
El Naranjo,12,20,np,28,
El Naranjo,12,20,np,25,
El Naranjo,12,20,np,21,
El Naranjo,12,21,aa,58.5,
El Naranjo,12,21,aa,60,
El Naranjo,12,21,aa,91,
El Naranjo,12,21,aa,9,4.5
El Naranjo,12,21,aa,48,
El Naranjo,12,21,aa,74.5,
El Naranjo,12,21,aa,78,
El Naranjo,12,21,aa,30,6.5
El Naranjo,12,21,aa,77.4,21.5
El Naranjo,12,22,aa,94,15
El Naranjo,12,22,aa,50,17
El Naranjo,12,22,aa,93,
El Naranjo,12,22,np,82.5,16
El Naranjo,12,22,np,130,19
El Naranjo,12,23,aa,59,
El Naranjo,12,23,aa,35,
El Naranjo,12,23,aa,100,
El Naranjo,12,23,aa,66,
El Naranjo,12,23,aa,40,
El Naranjo,12,23,aa,80.5,26
El Naranjo,12,23,aa,100,
El Naranjo,12,23,aa,59.5,
El Naranjo,12,23,aa,98,
El Naranjo,12,23,np,130,19
El Naranjo,12,23,np,45.5,19
El Naranjo,12,23,np,21.5,
El Naranjo,12,23,np,47,
El Naranjo,12,24,aa,172,34.5
El Naranjo,12,24,aa,87,
El Naranjo,12,24,aa,118,
El Naranjo,12,24,aa,100,
El Naranjo,12,24,aa,84,
El Naranjo,12,24,aa,65,18
El Naranjo,12,24,np,71,21
El Naranjo,12,24,np,57,
El Naranjo,12,24,np,74,
El Naranjo,12,25,aa,75,
El Naranjo,12,25,aa,118,
El Naranjo,12,25,aa,105,
El Naranjo,12,25,aa,91,20
El Naranjo,12,25,aa,97,
El Naranjo,12,25,np,43,
El Naranjo,12,25,np,42,
El Naranjo,12,25,np,44,
El Naranjo,12,25,np,31,
El Naranjo,12,25,np,40,16.5